1,1.49E-7
2,1.48E-7
3,1.48E-7
4,1.48E-7
5,1.51E-7
6,3.9E-7
7,3.76E-7
8,1.58E-7
9,1.48E-7
10,5.25E-7
11,7.45E-7
12,6.46E-7
13,3.86E-7
14,3.34E-7
15,1.72E-7
16,4.03E-7
17,1.077E-6
18,4.0E-7
19,6.78E-7
20,1.63E-7
21,2.77E-7
22,2.05E-7
23,5.63E-7
24,4.0E-7
25,1.47E-7
26,3.84E-7
27,7.05E-7
28,3.23E-7
29,7.94E-7
30,1.93E-7
31,4.32E-7
32,7.95E-7
33,1.475E-6
34,1.645E-6
35,1.629E-6
36,9.62E-7
37,1.452E-6
38,1.232E-6
39,1.71E-7
40,1.749E-6
41,1.452E-6
42,2.068E-6
43,1.22E-6
44,1.598E-6
45,1.046E-6
46,7.59E-7
47,6.26E-7
48,1.738E-6
49,2.463E-6
50,7.7E-7
51,3.45E-7
52,9.26E-7
53,1.768E-6
54,1.375E-6
55,1.911E-6
56,9.23E-7
57,5.3E-7
58,1.873E-6
59,1.72E-6
60,1.434E-6
61,2.019E-6
62,1.014E-6
63,1.02E-6
64,1.083E-6
65,3.225E-6
66,1.578E-6
67,1.117E-6
68,2.052E-6
69,1.454E-6
70,7.91E-7
71,1.348E-6
72,2.085E-6
73,1.391E-6
74,9.05E-7
75,1.414E-6
76,2.466E-6
77,1.157E-6
78,8.67E-7
79,2.281E-6
80,1.584E-6
81,1.119E-6
82,1.404E-6
83,3.501E-6
84,1.562E-6
85,4.0339E-5
86,1.999E-6
87,1.011E-6
88,1.349E-6
89,1.384E-6
90,1.747E-6
91,1.286E-6
92,1.602E-6
93,2.524E-6
94,1.439E-6
95,1.019E-6
96,3.632E-6
97,1.592E-6
98,3.541E-6
99,2.138E-6
100,1.439E-6
101,3.884E-6
102,1.111E-6
103,3.36E-6
104,1.486E-6
105,2.601E-6
106,3.105E-6
107,3.156E-6
108,3.45E-6
109,2.851E-6
110,1.613E-6
111,3.618E-6
112,2.692E-6
113,2.869E-6
114,2.065E-6
115,2.47E-6
116,3.7E-6
117,3.17E-6
118,4.391E-6
119,2.174E-6
120,1.396E-6
121,3.036E-6
122,3.21E-6
123,5.97E-7
124,1.653E-6
125,4.758E-6
126,2.925E-6
127,3.686E-6
128,3.258E-6
129,1.888E-6
130,3.671E-6
131,2.962E-6
132,2.67E-6
133,3.339E-6
134,4.284E-6
135,2.036E-6
136,3.56E-6
137,2.487E-6
138,3.155E-6
139,4.207E-6
140,2.101E-6
141,4.934E-6
142,2.556E-6
143,4.345E-6
144,3.066E-6
145,3.301E-6
146,6.76E-6
147,3.661E-6
148,4.258E-6
149,2.912E-6
150,4.477E-6
151,3.097E-6
152,3.205E-6
153,3.035E-6
154,3.757E-6
155,5.434E-6
156,3.541E-6
157,2.912E-6
158,2.882E-6
159,8.96E-6
160,3.243E-6
161,3.292E-6
162,3.802E-6
163,3.329E-6
164,4.167E-6
165,4.498E-6
166,4.82E-6
167,3.1109E-5
168,2.528E-6
169,3.662E-6
170,6.204E-6
171,2.7E-6
172,4.175E-6
173,3.886E-6
174,3.047E-6
175,3.178E-6
176,3.386E-6
177,5.165E-6
178,3.539E-6
179,3.242E-6
180,4.48E-6
181,4.976E-6
182,1.939E-6
183,3.231E-6
184,3.671E-6
185,3.018E-6
186,4.366E-6
187,2.371E-6
188,3.143E-6
189,6.37E-6
190,3.052E-6
191,4.478E-6
192,5.024E-6
193,5.84E-6
194,1.767E-6
195,3.688E-6
196,3.121E-6
197,6.139E-6
198,3.86E-6
199,5.871E-6
200,3.5E-6
201,5.031E-6
202,5.547E-6
203,5.822E-6
204,5.368E-6
205,6.803E-6
206,7.57E-6
207,5.38E-6
208,4.678E-6
209,4.708E-6
210,3.406E-6
211,5.005E-6
212,2.697E-6
213,6.238E-6
214,2.271E-6
215,4.922E-6
216,5.86E-6
217,7.03E-6
218,5.921E-6
219,6.522E-6
220,3.919E-6
221,8.141E-6
222,4.517E-6
223,6.881E-6
224,7.736E-6
225,2.961E-6
226,5.725E-6
227,3.485E-6
228,4.729E-6
229,5.322E-6
230,6.04E-6
231,3.62E-6
232,5.039E-6
233,5.133E-6
234,7.557E-6
235,6.201E-6
236,4.553E-6
237,1.8351E-5
238,1.941E-6
239,4.826E-6
240,1.0719E-5
241,4.557E-6
242,3.981E-6
243,5.781E-6
244,2.826E-6
245,4.986E-6
246,7.883E-6
247,3.775E-6
248,4.484E-6
249,6.32E-6
250,5.881E-6
251,5.224E-6
252,3.081E-6
253,1.2718E-5
254,5.436E-6
255,1.2759E-5
256,5.362E-6
257,7.037E-6
258,4.376E-6
259,9.346E-6
260,5.633E-6
261,6.944E-6
262,6.688E-6
263,4.994E-6
264,5.075E-6
265,3.959E-6
266,5.73E-6
267,6.719E-6
268,5.464E-6
269,6.87E-6
270,4.628E-6
271,4.141E-6
272,5.627E-6
273,2.953E-6
274,6.356E-6
275,8.913E-6
276,6.663E-6
277,7.211E-6
278,7.654E-6
279,5.463E-6
280,4.819E-6
281,7.574E-6
282,5.621E-6
283,6.464E-6
284,7.233E-6
285,6.119E-6
286,4.996E-6
287,4.74E-6
288,7.449E-6
289,6.613E-6
290,8.355E-6
291,4.979E-6
292,5.728E-6
293,6.997E-6
294,4.662E-6
295,6.951E-6
296,5.29E-6
297,7.532E-6
298,5.277E-6
299,7.241E-6
300,6.53E-6
301,1.0385E-5
302,5.359E-6
303,1.1951E-5
304,7.237E-6
305,7.734E-6
306,5.727E-6
307,5.821E-6
308,3.138E-6
309,5.016E-6
310,8.703E-6
311,9.398E-6
312,7.277E-6
313,7.975E-6
314,6.007E-6
315,1.2987E-5
316,1.8377E-5
317,5.985E-6
318,6.367E-6
319,6.114E-6
320,8.147E-6
321,7.532E-6
322,7.023E-6
323,8.189E-6
324,7.69E-6
325,8.52E-6
326,1.0807E-5
327,1.0857E-5
328,8.654E-6
329,7.504E-6
330,8.091E-6
331,7.573E-6
332,1.1574E-5
333,9.631E-6
334,1.0987E-5
335,7.701E-6
336,1.0088E-5
337,6.788E-6
338,9.583E-6
339,7.791E-6
340,7.158E-6
341,9.318E-6
342,1.069E-5
343,6.302E-6
344,9.057E-6
345,7.004E-6
346,7.028E-6
347,9.12E-6
348,1.0492E-5
349,5.952E-6
350,1.1829E-5
351,1.0195E-5
352,6.117E-6
353,9.28E-6
354,6.766E-6
355,6.533E-6
356,6.303E-6
357,8.802E-6
358,7.093E-6
359,1.3511E-5
360,8.128E-6
361,8.233E-6
362,4.841E-6
363,6.269E-6
364,9.349E-6
365,7.189E-6
366,7.86E-6
367,1.0853E-5
368,7.772E-6
369,8.238E-6
370,1.7254E-5
371,1.0125E-5
372,6.202E-6
373,9.197E-6
374,6.593E-6
375,9.777E-6
376,8.237E-6
377,8.254E-6
378,7.962E-6
379,8.229E-6
380,9.061E-6
381,7.979E-6
382,6.864E-6
383,8.511E-6
384,8.015E-6
385,1.1297E-5
386,9.08E-6
387,3.4552E-5
388,2.2753E-5
389,1.1789E-5
390,8.734E-6
391,8.269E-6
392,6.041E-6
393,7.266E-6
394,7.044E-6
395,1.1089E-5
396,1.3466E-5
397,1.0999E-5
398,9.139E-6
399,8.422E-6
400,6.126E-6
401,7.959E-6
402,2.0089E-5
403,1.0088E-5
404,1.079E-5
405,8.931E-6
406,6.23E-6
407,7.148E-6
408,7.039E-6
409,8.377E-6
410,2.0367E-5
411,9.365E-6
412,9.64E-6
413,8.856E-6
414,1.5791E-5
415,2.4503E-5
416,1.0801E-5
417,5.85E-6
418,9.367E-6
419,7.981E-6
420,1.1931E-5
421,8.87E-6
422,8.123E-6
423,1.214E-5
424,1.0652E-5
425,9.409E-6
426,1.1504E-5
427,9.351E-6
428,7.203E-6
429,1.2594E-5
430,1.1697E-5
431,6.852E-6
432,1.1419E-5
433,9.684E-6
434,8.876E-6
435,6.55E-6
436,1.6314E-5
437,7.98E-6
438,8.536E-6
439,1.0463E-5
440,1.0028E-5
441,8.343E-6
442,1.0952E-5
443,2.261E-5
444,1.2474E-5
445,8.947E-6
446,9.833E-6
447,9.382E-6
448,1.0112E-5
449,1.2702E-5
450,1.3546E-5
451,1.1753E-5
452,1.9936E-5
453,1.1119E-5
454,6.989E-6
455,9.122E-6
456,1.0602E-5
457,9.201E-6
458,1.2958E-5
459,1.2359E-5
460,1.202E-5
461,1.123E-5
462,5.3218E-5
463,1.0012E-5
464,9.894E-6
465,1.0976E-5
466,1.1275E-5
467,1.0801E-5
468,1.3493E-5
469,1.0446E-5
470,1.2016E-5
471,1.2153E-5
472,1.1443E-5
473,2.2695E-5
474,9.415E-6
475,1.1077E-5
476,1.0216E-5
477,1.402E-5
478,1.8634E-5
479,2.894E-5
480,7.805E-6
481,1.202E-5
482,1.3304E-5
483,1.2874E-5
484,1.381E-5
485,1.1587E-5
486,1.5169E-5
487,1.2244E-5
488,9.578E-6
489,2.5307E-5
490,7.335E-6
491,1.0724E-5
492,9.451E-6
493,1.1616E-5
494,1.0588E-5
495,9.968E-6
496,2.4426E-5
497,1.2155E-5
498,1.2096E-5
499,1.1816E-5
500,1.2577E-5
501,1.2002E-5
502,1.2446E-5
503,1.2127E-5
504,1.405E-5
505,4.6311E-5
506,8.584E-6
507,1.3477E-5
508,9.818E-6
509,1.2166E-5
510,1.1784E-5
511,8.049E-6
512,1.3685E-5
513,1.5434E-5
514,1.0247E-5
515,1.1195E-5
516,2.9411E-5
517,1.8852E-5
518,1.4816E-5
519,7.641E-6
520,1.855E-5
521,2.8482E-5
522,1.2158E-5
523,2.0716E-5
524,1.295E-5
525,1.5241E-5
526,1.2463E-5
527,1.1997E-5
528,1.2809E-5
529,1.0651E-5
530,1.1067E-5
531,1.8267E-5
532,1.8169E-5
533,9.115E-6
534,9.395E-6
535,1.2942E-5
536,1.2952E-5
537,1.0476E-5
538,3.708E-5
539,1.3537E-5
540,8.587E-6
541,1.4602E-5
542,1.3965E-5
543,2.1055E-5
544,1.271E-5
545,1.5568E-5
546,1.3273E-5
547,1.2464E-5
548,1.4448E-5
549,1.4131E-5
550,1.7485E-5
551,1.6901E-5
552,1.5523E-5
553,1.0088E-5
554,1.5399E-5
555,1.2079E-5
556,1.3177E-5
557,1.6982E-5
558,1.6706E-5
559,1.0202E-5
560,1.3429E-5
561,1.4974E-5
562,1.8151E-5
563,1.4322E-5
564,1.5246E-5
565,1.4315E-5
566,1.2249E-5
567,1.1221E-5
568,1.8316E-5
569,1.1857E-5
570,8.74E-6
571,1.6044E-5
572,1.7498E-5
573,1.8931E-5
574,1.178E-5
575,1.0907E-5
576,9.895E-6
577,1.0756E-5
578,1.2365E-5
579,1.1931E-5
580,1.1763E-5
581,1.2954E-5
582,2.1411E-5
583,1.4459E-5
584,1.4762E-5
585,1.3235E-5
586,1.3742E-5
587,1.6657E-5
588,1.0841E-5
589,1.5997E-5
590,1.2574E-5
591,4.1295E-5
592,1.4587E-5
593,1.8387E-5
594,1.2372E-5
595,1.516E-5
596,1.4743E-5
597,1.3265E-5
598,1.3653E-5
599,1.7643E-5
600,1.3921E-5
601,4.2316E-5
602,1.3643E-5
603,1.2887E-5
604,1.5749E-5
605,1.3612E-5
606,1.2871E-5
607,1.6589E-5
608,1.5213E-5
609,1.7696E-5
610,1.4277E-5
611,1.5711E-5
612,1.3202E-5
613,2.6334E-5
614,1.5373E-5
615,1.193E-5
616,1.954E-5
617,1.1364E-5
618,1.2145E-5
619,1.5101E-5
620,1.306E-5
621,1.0697E-5
622,1.2299E-5
623,1.7335E-5
624,1.2976E-5
625,1.387E-5
626,1.6131E-5
627,1.3652E-5
628,2.4475E-5
629,1.5627E-5
630,2.5462E-5
631,1.0756E-5
632,1.5572E-5
633,1.7902E-5
634,1.4737E-5
635,1.4226E-5
636,1.7779E-5
637,1.5615E-5
638,1.7125E-5
639,1.3353E-5
640,1.117E-5
641,1.2518E-5
642,1.7653E-5
643,1.8834E-5
644,1.1157E-5
645,1.6126E-5
646,1.7295E-5
647,1.9177E-5
648,1.252E-5
649,3.8492E-5
650,1.544E-5
651,1.9123E-5
652,1.3109E-5
653,1.6985E-5
654,1.6591E-5
655,2.2675E-5
656,1.0117E-5
657,1.3729E-5
658,1.6325E-5
659,1.8646E-5
660,3.7798E-5
661,1.7628E-5
662,2.3378E-5
663,1.1546E-5
664,1.8128E-5
665,2.0294E-5
666,1.8729E-5
667,1.3682E-5
668,1.6113E-5
669,1.4392E-5
670,1.306E-5
671,1.7387E-5
672,1.5852E-5
673,1.5327E-5
674,1.3234E-5
675,1.4337E-5
676,2.0535E-5
677,1.1724E-5
678,2.0009E-5
679,2.1244E-5
680,1.2959E-5
681,1.4902E-5
682,1.2813E-5
683,1.3329E-5
684,1.9451E-5
685,1.5122E-5
686,1.3695E-5
687,1.487E-5
688,1.6256E-5
689,1.3051E-5
690,1.6905E-5
691,1.8109E-5
692,1.8878E-5
693,2.0414E-5
694,1.7197E-5
695,1.6268E-5
696,1.4878E-5
697,1.7322E-5
698,1.5972E-5
699,1.4815E-5
700,1.5017E-5
701,1.746E-5
702,1.805E-5
703,4.176E-5
704,1.9056E-5
705,1.7393E-5
706,1.4952E-5
707,1.4424E-5
708,4.9652E-5
709,2.5165E-5
710,1.5025E-5
711,6.7173E-5
712,1.7592E-5
713,1.6077E-5
714,1.6778E-5
715,1.8881E-5
716,2.1847E-5
717,1.7255E-5
718,1.3407E-5
719,2.2686E-5
720,1.6048E-5
721,1.6463E-5
722,1.6735E-5
723,1.9544E-5
724,2.0278E-5
725,1.392E-5
726,1.717E-5
727,1.7048E-5
728,2.3859E-5
729,1.8481E-5
730,5.8285E-5
731,3.0584E-5
732,1.756E-5
733,2.076E-5
734,1.8537E-5
735,1.6833E-5
736,2.7484E-5
737,1.5813E-5
738,1.7406E-5
739,2.4335E-5
740,1.6654E-5
741,1.6311E-5
742,2.2942E-5
743,1.7545E-5
744,1.5232E-5
745,2.183E-5
746,1.6017E-5
747,2.3103E-5
748,1.352E-5
749,1.5756E-5
750,1.7574E-5
751,2.4131E-5
752,1.7929E-5
753,1.7757E-5
754,2.1522E-5
755,2.5606E-5
756,2.6143E-5
757,1.9813E-5
758,2.1632E-5
759,2.494E-5
760,1.9023E-5
761,3.7683E-5
762,2.0194E-5
763,1.9165E-5
764,1.838E-5
765,1.9636E-5
766,2.5203E-5
767,1.4601E-5
768,2.0556E-5
769,1.8888E-5
770,1.1353E-5
771,1.1649E-5
772,2.131E-5
773,1.6265E-5
774,2.0755E-5
775,1.5486E-5
776,1.7791E-5
777,2.4281E-5
778,1.3311E-5
779,1.3904E-5
780,1.5997E-5
781,2.2995E-5
782,1.4851E-5
783,1.711E-5
784,4.6076E-5
785,1.5666E-5
786,1.5855E-5
787,2.9923E-5
788,1.8789E-5
789,2.3074E-5
790,2.7438E-5
791,3.7463E-5
792,2.0665E-5
793,2.0445E-5
794,2.4612E-5
795,1.9091E-5
796,1.9656E-5
797,2.2204E-5
798,1.7827E-5
799,1.7731E-5
800,1.8509E-5
801,2.3814E-5
802,1.8178E-5
803,1.7544E-5
804,1.277E-5
805,2.01E-5
806,1.6888E-5
807,1.7848E-5
808,2.452E-5
809,2.3476E-5
810,2.5061E-5
811,2.1179E-5
812,3.1227E-5
813,2.2681E-5
814,1.5719E-5
815,2.4304E-5
816,1.8866E-5
817,1.8687E-5
818,2.127E-5
819,1.5724E-5
820,2.6875E-5
821,1.7527E-5
822,1.7768E-5
823,2.0021E-5
824,1.9009E-5
825,1.7398E-5
826,2.126E-5
827,1.8863E-5
828,1.7041E-5
829,1.8226E-5
830,2.7505E-5
831,2.1485E-5
832,2.0277E-5
833,2.9458E-5
834,2.0038E-5
835,1.7673E-5
836,2.2695E-5
837,1.9164E-5
838,2.0127E-5
839,1.5193E-5
840,2.4309E-5
841,1.7329E-5
842,1.7106E-5
843,1.988E-5
844,2.0248E-5
845,2.3389E-5
846,1.4756E-5
847,2.6054E-5
848,2.9011E-5
849,2.2926E-5
850,1.8236E-5
851,1.9464E-5
852,1.7834E-5
853,2.6081E-5
854,1.8461E-5
855,1.8261E-5
856,2.0817E-5
857,2.6381E-5
858,2.3926E-5
859,2.0198E-5
860,1.6615E-5
861,2.1631E-5
862,1.7703E-5
863,1.9619E-5
864,2.0841E-5
865,1.5568E-5
866,2.0638E-5
867,2.591E-5
868,1.9767E-5
869,2.225E-5
870,2.0059E-5
871,1.9047E-5
872,2.7454E-5
873,3.2352E-5
874,2.1486E-5
875,2.544E-5
876,2.6627E-5
877,2.7846E-5
878,2.05E-5
879,3.087E-5
880,3.5683E-5
881,2.1329E-5
882,2.061E-5
883,3.6086E-5
884,2.5163E-5
885,2.2568E-5
886,1.8227E-5
887,1.8909E-5
888,2.128E-5
889,3.2127E-5
890,2.584E-5
891,2.7596E-5
892,3.7251E-5
893,1.9026E-5
894,2.1277E-5
895,2.4302E-5
896,1.9497E-5
897,1.9632E-5
898,1.9355E-5
899,2.5257E-5
900,2.0541E-5
901,2.3698E-5
902,2.8249E-5
903,2.0848E-5
904,1.9522E-5
905,3.9135E-5
906,3.0433E-5
907,2.3421E-5
908,1.7453E-5
909,1.9623E-5
910,2.1758E-5
911,2.4275E-5
912,2.2218E-5
913,2.3576E-5
914,2.893E-5
915,2.5043E-5
916,2.1788E-5
917,1.9685E-5
918,2.1511E-5
919,2.5452E-5
920,2.2832E-5
921,2.7826E-5
922,2.2178E-5
923,2.5359E-5
924,2.7538E-5
925,3.0722E-5
926,2.7046E-5
927,2.6111E-5
928,2.2596E-5
929,2.6186E-5
930,3.1437E-5
931,1.6464E-5
932,4.3367E-5
933,2.3672E-5
934,2.9994E-5
935,2.0999E-5
936,2.4188E-5
937,1.8259E-5
938,2.8943E-5
939,2.0916E-5
940,1.7888E-5
941,2.1043E-5
942,2.2955E-5
943,2.4913E-5
944,2.1972E-5
945,2.0208E-5
946,2.0772E-5
947,2.8013E-5
948,2.495E-5
949,3.3783E-5
950,2.4123E-5
951,1.8256E-5
952,2.3317E-5
953,2.0066E-5
954,2.5408E-5
955,3.7719E-5
956,3.4832E-5
957,4.6556E-5
958,2.725E-5
959,2.5932E-5
960,2.5555E-5
961,3.8319E-5
962,2.5818E-5
963,2.6092E-5
964,2.5616E-5
965,3.0715E-5
966,2.7218E-5
967,2.8813E-5
968,2.0588E-5
969,3.8401E-5
970,4.186E-5
971,1.8097E-5
972,3.1981E-5
973,2.0428E-5
974,2.2732E-5
975,2.1776E-5
976,2.7034E-5
977,2.2908E-5
978,2.2898E-5
979,2.5427E-5
980,4.1874E-5
981,2.3747E-5
982,2.9453E-5
983,2.3633E-5
984,2.0748E-5
985,2.3065E-5
986,2.5466E-5
987,4.1241E-5
988,2.1946E-5
989,2.713E-5
990,2.0396E-5
991,4.1339E-5
992,1.9594E-5
993,3.7346E-5
994,2.2652E-5
995,2.7326E-5
996,2.5688E-5
997,1.8894E-5
998,1.9157E-5
999,2.9227E-5
1000,1.6466E-5
1001,1.7447E-5
1002,3.0369E-5
1003,3.0443E-5
1004,4.3409E-5
1005,2.468E-5
1006,1.8065E-5
1007,4.306E-5
1008,4.2648E-5
1009,2.579E-5
1010,2.1062E-5
1011,3.1541E-5
1012,2.6412E-5
1013,2.6567E-5
1014,1.9603E-5
1015,3.7337E-5
1016,2.1737E-5
1017,2.2264E-5
1018,3.6452E-5
1019,2.8248E-5
1020,3.0195E-5
1021,2.4347E-5
1022,4.1275E-5
1023,2.2449E-5
1024,3.4378E-5
1025,3.4119E-5
1026,2.3704E-5
1027,2.6805E-5
1028,4.387E-5
1029,1.9028E-5
1030,2.2932E-5
1031,2.436E-5
1032,2.6918E-5
1033,2.4793E-5
1034,2.4201E-5
1035,2.7083E-5
1036,4.0992E-5
1037,3.3557E-5
1038,1.8727E-5
1039,2.853E-5
1040,2.5814E-5
1041,2.6278E-5
1042,2.551E-5
1043,2.8045E-5
1044,2.4948E-5
1045,2.9911E-5
1046,2.8642E-5
1047,2.6813E-5
1048,3.2284E-5
1049,2.4333E-5
1050,3.1578E-5
1051,2.6564E-5
1052,2.5259E-5
1053,3.5214E-5
1054,2.9604E-5
1055,3.4567E-5
1056,2.7452E-5
1057,4.5823E-5
1058,3.0197E-5
1059,2.058E-5
1060,2.7574E-5
1061,2.756E-5
1062,1.691E-5
1063,3.9995E-5
1064,2.0977E-5
1065,5.3191E-5
1066,2.8766E-5
1067,3.7165E-5
1068,2.4904E-5
1069,2.1283E-5
1070,2.5129E-5
1071,2.235E-5
1072,2.5771E-5
1073,3.2354E-5
1074,3.1721E-5
1075,3.0574E-5
1076,4.5313E-5
1077,1.9437E-5
1078,2.6757E-5
1079,2.8074E-5
1080,2.1225E-5
1081,2.7477E-5
1082,2.9011E-5
1083,2.6923E-5
1084,2.446E-5
1085,2.4314E-5
1086,2.8006E-5
1087,3.2699E-5
1088,4.1096E-5
1089,2.3275E-5
1090,2.7969E-5
1091,2.8347E-5
1092,2.7674E-5
1093,2.2544E-5
1094,2.641E-5
1095,2.6981E-5
1096,2.233E-5
1097,1.991E-5
1098,2.7406E-5
1099,4.3122E-5
1100,2.9503E-5
1101,2.4973E-5
1102,4.3677E-5
1103,3.0462E-5
1104,2.9802E-5
1105,2.7052E-5
1106,2.5775E-5
1107,2.7019E-5
1108,2.855E-5
1109,2.8084E-5
1110,2.2784E-5
1111,2.4171E-5
1112,2.6707E-5
1113,2.5023E-5
1114,3.2136E-5
1115,3.6363E-5
1116,2.8364E-5
1117,3.8485E-5
1118,3.1986E-5
1119,2.7003E-5
1120,3.0527E-5
1121,2.7022E-5
1122,2.5422E-5
1123,2.9849E-5
1124,3.6233E-5
1125,3.046E-5
1126,2.3849E-5
1127,5.2411E-5
1128,2.4642E-5
1129,2.645E-5
1130,3.1519E-5
1131,2.8465E-5
1132,2.7531E-5
1133,2.6018E-5
1134,3.048E-5
1135,2.4698E-5
1136,3.173E-5
1137,2.8849E-5
1138,2.3808E-5
1139,2.6129E-5
1140,2.7277E-5
1141,3.4633E-5
1142,5.6554E-5
1143,2.3525E-5
1144,2.7926E-5
1145,2.3411E-5
1146,2.7883E-5
1147,3.0036E-5
1148,2.1718E-5
1149,9.8674E-5
1150,3.0377E-5
1151,3.1789E-5
1152,2.9823E-5
1153,2.5543E-5
1154,3.3E-5
1155,2.633E-5
1156,2.9664E-5
1157,3.6362E-5
1158,2.2797E-5
1159,3.0461E-5
1160,3.6549E-5
1161,4.0077E-5
1162,2.399E-5
1163,2.8579E-5
1164,2.9422E-5
1165,3.9017E-5
1166,2.484E-5
1167,4.1097E-5
1168,3.3639E-5
1169,2.7751E-5
1170,3.4267E-5
1171,2.8133E-5
1172,3.2491E-5
1173,3.1734E-5
1174,5.3129E-5
1175,2.7344E-5
1176,2.8374E-5
1177,3.0976E-5
1178,3.7163E-5
1179,2.6567E-5
1180,2.8243E-5
1181,2.2481E-5
1182,2.5789E-5
1183,2.9421E-5
1184,4.4576E-5
1185,2.8241E-5
1186,2.9433E-5
1187,6.1489E-5
1188,2.794E-5
1189,2.8081E-5
1190,2.5769E-5
1191,3.4806E-5
1192,3.2516E-5
1193,3.4195E-5
1194,2.6823E-5
1195,2.5804E-5
1196,2.5621E-5
1197,2.7643E-5
1198,2.5864E-5
1199,3.7059E-5
1200,2.3395E-5
1201,3.0472E-5
1202,4.0236E-5
1203,6.823E-5
1204,6.794E-5
1205,3.1796E-5
1206,4.2324E-5
1207,7.0947E-5
1208,3.2439E-5
1209,5.9859E-5
1210,3.2072E-5
1211,6.7754E-5
1212,2.8558E-5
1213,6.4775E-5
1214,3.419E-5
1215,2.7666E-5
1216,3.0473E-5
1217,2.9204E-5
1218,2.9289E-5
1219,3.2268E-5
1220,2.9329E-5
1221,3.1063E-5
1222,3.2392E-5
1223,3.4049E-5
1224,2.7753E-5
1225,3.1206E-5
1226,2.7769E-5
1227,2.755E-5
1228,5.0949E-5
1229,3.664E-5
1230,3.1188E-5
1231,3.6247E-5
1232,2.9488E-5
1233,2.9864E-5
1234,4.4472E-5
1235,2.994E-5
1236,3.5652E-5
1237,2.8792E-5
1238,4.3107E-5
1239,3.6486E-5
1240,2.6763E-5
1241,2.7232E-5
1242,2.8796E-5
1243,2.5183E-5
1244,3.3175E-5
1245,3.5987E-5
1246,2.3074E-5
1247,2.6631E-5
1248,4.3524E-5
1249,3.0028E-5
1250,5.9939E-5
1251,3.7472E-5
1252,3.1774E-5
1253,3.5296E-5
1254,5.596E-5
1255,3.0544E-5
1256,2.858E-5
1257,3.1873E-5
1258,2.8026E-5
1259,4.6853E-5
1260,3.9317E-5
1261,3.1995E-5
1262,3.0923E-5
1263,4.3938E-5
1264,3.3328E-5
1265,2.313E-5
1266,3.3314E-5
1267,3.6754E-5
1268,3.5138E-5
1269,2.5666E-5
1270,4.4067E-5
1271,3.9218E-5
1272,2.8966E-5
1273,3.6675E-5
1274,2.5329E-5
1275,4.835E-5
1276,3.5852E-5
1277,3.135E-5
1278,3.3722E-5
1279,2.9729E-5
1280,3.058E-5
1281,4.3484E-5
1282,2.548E-5
1283,3.2188E-5
1284,3.0052E-5
1285,3.3639E-5
1286,3.6258E-5
1287,5.2256E-5
1288,3.2084E-5
1289,3.9865E-5
1290,4.4946E-5
1291,4.5315E-5
1292,3.1652E-5
1293,9.0622E-5
1294,3.3474E-5
1295,3.7965E-5
1296,4.8197E-5
1297,3.0895E-5
1298,3.7224E-5
1299,3.3715E-5
1300,2.9815E-5
1301,3.5335E-5
1302,6.6056E-5
1303,3.9058E-5
1304,2.8698E-5
1305,3.939E-5
1306,2.7988E-5
1307,3.439E-5
1308,3.1726E-5
1309,3.6554E-5
1310,2.8162E-5
1311,3.533E-5
1312,3.1639E-5
1313,2.9308E-5
1314,3.0453E-5
1315,3.6625E-5
1316,3.3732E-5
1317,2.8476E-5
1318,3.2761E-5
1319,6.7712E-5
1320,3.4886E-5
1321,3.9541E-5
1322,3.5639E-5
1323,2.947E-5
1324,3.6146E-5
1325,2.951E-5
1326,4.1471E-5
1327,3.2468E-5
1328,3.273E-5
1329,3.3904E-5
1330,3.4641E-5
1331,6.3419E-5
1332,2.9385E-5
1333,3.978E-5
1334,3.4649E-5
1335,6.3998E-5
1336,3.2854E-5
1337,4.4249E-5
1338,3.2432E-5
1339,4.3284E-5
1340,3.6876E-5
1341,3.8938E-5
1342,3.5088E-5
1343,2.5726E-5
1344,5.1279E-5
1345,2.66E-5
1346,3.1514E-5
1347,3.6205E-5
1348,3.6957E-5
1349,3.1569E-5
1350,3.1459E-5
1351,3.3425E-5
1352,5.3689E-5
1353,3.5985E-5
1354,3.9309E-5
1355,2.8781E-5
1356,5.1649E-5
1357,3.6579E-5
1358,7.4926E-5
1359,3.6364E-5
1360,2.8641E-5
1361,3.9562E-5
1362,2.9272E-5
1363,3.1054E-5
1364,3.3832E-5
1365,3.7855E-5
1366,3.9949E-5
1367,3.1903E-5
1368,3.928E-5
1369,3.2737E-5
1370,3.7691E-5
1371,3.2092E-5
1372,3.377E-5
1373,4.8106E-5
1374,4.6466E-5
1375,5.6673E-5
1376,3.3067E-5
1377,3.6203E-5
1378,3.9146E-5
1379,4.8927E-5
1380,4.0529E-5
1381,3.7379E-5
1382,3.219E-5
1383,2.685E-5
1384,5.0444E-5
1385,2.8194E-5
1386,3.4472E-5
1387,3.8513E-5
1388,3.9326E-5
1389,2.9644E-5
1390,3.4865E-5
1391,5.8914E-5
1392,4.1968E-5
1393,2.9991E-5
1394,7.8962E-5
1395,3.234E-5
1396,2.6789E-5
1397,3.1096E-5
1398,3.5046E-5
1399,3.5882E-5
1400,3.3695E-5
1401,2.8656E-5
1402,5.8646E-5
1403,2.8364E-5
1404,4.7691E-5
1405,3.4912E-5
1406,3.5135E-5
1407,4.2457E-5
1408,3.9111E-5
1409,1.04777E-4
1410,3.2571E-5
1411,4.0658E-5
1412,3.2444E-5
1413,3.5934E-5
1414,3.4326E-5
1415,4.1574E-5
1416,3.4644E-5
1417,3.5547E-5
1418,3.6415E-5
1419,3.253E-5
1420,3.614E-5
1421,3.4081E-5
1422,3.5969E-5
1423,4.0011E-5
1424,4.2242E-5
1425,3.1677E-5
1426,5.1779E-5
1427,3.4291E-5
1428,4.6117E-5
1429,3.6691E-5
1430,4.1149E-5
1431,3.615E-5
1432,3.8129E-5
1433,3.2936E-5
1434,5.0481E-5
1435,4.2443E-5
1436,4.2962E-5
1437,3.1035E-5
1438,4.3157E-5
1439,4.2472E-5
1440,3.5516E-5
1441,3.6539E-5
1442,3.4882E-5
1443,4.0088E-5
1444,4.0352E-5
1445,3.8222E-5
1446,3.1958E-5
1447,3.475E-5
1448,3.3048E-5
1449,2.8023E-5
1450,5.3959E-5
1451,4.3266E-5
1452,3.9048E-5
1453,4.0146E-5
1454,3.8181E-5
1455,5.0672E-5
1456,3.1087E-5
1457,2.9406E-5
1458,6.5292E-5
1459,3.1419E-5
1460,5.0904E-5
1461,4.3751E-5
1462,3.3228E-5
1463,3.8652E-5
1464,3.7646E-5
1465,4.3607E-5
1466,3.7556E-5
1467,3.9145E-5
1468,3.7287E-5
1469,3.4349E-5
1470,3.5066E-5
1471,5.5978E-5
1472,4.1956E-5
1473,5.192E-5
1474,3.7264E-5
1475,5.2034E-5
1476,2.8949E-5
1477,3.6786E-5
1478,4.206E-5
1479,4.5201E-5
1480,3.2191E-5
1481,5.2697E-5
1482,3.6979E-5
1483,3.8767E-5
1484,5.5919E-5
1485,4.4678E-5
1486,4.3164E-5
1487,5.1557E-5
1488,3.4169E-5
1489,3.3375E-5
1490,4.0258E-5
1491,3.4728E-5
1492,4.8022E-5
1493,3.9298E-5
1494,3.8959E-5
1495,5.6867E-5
1496,5.0362E-5
1497,4.0161E-5
1498,4.6468E-5
1499,3.4925E-5
1500,5.9833E-5
1501,4.124E-5
1502,3.8023E-5
1503,3.2436E-5
1504,4.363E-5
1505,4.542E-5
1506,4.0207E-5
1507,3.4738E-5
1508,3.7294E-5
1509,4.7043E-5
1510,4.8316E-5
1511,5.3858E-5
1512,3.744E-5
1513,3.2253E-5
1514,3.4713E-5
1515,3.5449E-5
1516,3.7754E-5
1517,3.9435E-5
1518,4.2948E-5
1519,4.9803E-5
1520,3.4508E-5
1521,4.8001E-5
1522,3.5671E-5
1523,5.6051E-5
1524,3.3104E-5
1525,4.5393E-5
1526,4.0653E-5
1527,5.4708E-5
1528,3.6257E-5
1529,6.9822E-5
1530,3.1007E-5
1531,5.2916E-5
1532,3.4485E-5
1533,3.9429E-5
1534,3.8415E-5
1535,3.6177E-5
1536,3.5769E-5
1537,3.8156E-5
1538,3.7213E-5
1539,4.7919E-5
1540,3.8327E-5
1541,4.0178E-5
1542,3.7521E-5
1543,4.6765E-5
1544,6.4284E-5
1545,4.0363E-5
1546,4.054E-5
1547,4.5019E-5
1548,4.6249E-5
1549,5.4117E-5
1550,6.3435E-5
1551,4.2119E-5
1552,3.8475E-5
1553,5.3368E-5
1554,4.1833E-5
1555,4.0045E-5
1556,8.1712E-5
1557,3.9945E-5
1558,4.6712E-5
1559,6.1464E-5
1560,3.3603E-5
1561,3.6138E-5
1562,4.2135E-5
1563,5.5389E-5
1564,3.694E-5
1565,3.9725E-5
1566,3.9484E-5
1567,5.6154E-5
1568,4.337E-5
1569,5.4254E-5
1570,4.0909E-5
1571,5.8513E-5
1572,5.0505E-5
1573,6.243E-5
1574,5.9799E-5
1575,3.8348E-5
1576,4.7684E-5
1577,4.8507E-5
1578,4.6083E-5
1579,4.1674E-5
1580,3.8696E-5
1581,4.8137E-5
1582,3.8902E-5
1583,5.4441E-5
1584,3.5652E-5
1585,3.953E-5
1586,4.6928E-5
1587,4.3458E-5
1588,7.7766E-5
1589,4.1897E-5
1590,5.4002E-5
1591,4.8245E-5
1592,5.1854E-5
1593,6.504E-5
1594,5.3785E-5
1595,4.5658E-5
1596,6.0317E-5
1597,4.1277E-5
1598,4.7776E-5
1599,4.5593E-5
1600,4.0983E-5
1601,4.8716E-5
1602,4.3112E-5
1603,3.9877E-5
1604,3.878E-5
1605,4.3087E-5
1606,4.9724E-5
1607,3.4739E-5
1608,5.4247E-5
1609,4.4089E-5
1610,3.9627E-5
1611,4.3558E-5
1612,4.7259E-5
1613,5.2348E-5
1614,3.4906E-5
1615,4.9708E-5
1616,4.0784E-5
1617,6.7321E-5
1618,3.7116E-5
1619,4.8362E-5
1620,6.6832E-5
1621,3.4302E-5
1622,5.0487E-5
1623,4.0639E-5
1624,4.4483E-5
1625,4.2008E-5
1626,3.7878E-5
1627,3.7901E-5
1628,5.0179E-5
1629,4.1573E-5
1630,5.43E-5
1631,5.5765E-5
1632,5.3615E-5
1633,5.0785E-5
1634,4.4157E-5
1635,4.8982E-5
1636,4.2292E-5
1637,3.8345E-5
1638,4.8579E-5
1639,3.834E-5
1640,3.8511E-5
1641,3.6035E-5
1642,3.7048E-5
1643,4.4063E-5
1644,5.4947E-5
1645,5.1226E-5
1646,3.6246E-5
1647,4.2392E-5
1648,4.8652E-5
1649,4.4747E-5
1650,5.0573E-5
1651,5.3911E-5
1652,6.0718E-5
1653,4.2758E-5
1654,4.8004E-5
1655,4.017E-5
1656,7.9786E-5
1657,5.2802E-5
1658,6.0995E-5
1659,4.8692E-5
1660,3.8153E-5
1661,4.294E-5
1662,4.5061E-5
1663,4.6548E-5
1664,4.0843E-5
1665,5.0505E-5
1666,4.6088E-5
1667,5.7071E-5
1668,4.3299E-5
1669,4.2816E-5
1670,6.5231E-5
1671,5.527E-5
1672,4.2495E-5
1673,4.9695E-5
1674,4.6183E-5
1675,3.9313E-5
1676,3.8205E-5
1677,3.5447E-5
1678,3.9393E-5
1679,4.2253E-5
1680,4.7778E-5
1681,3.7963E-5
1682,5.8084E-5
1683,4.0588E-5
1684,4.6585E-5
1685,6.8937E-5
1686,4.5467E-5
1687,4.1042E-5
1688,3.4355E-5
1689,5.7235E-5
1690,4.5054E-5
1691,4.6399E-5
1692,4.2061E-5
1693,4.674E-5
1694,3.8811E-5
1695,4.3612E-5
1696,4.2442E-5
1697,4.7054E-5
1698,5.4709E-5
1699,5.7782E-5
1700,4.7416E-5
1701,5.215E-5
1702,4.0218E-5
1703,5.5495E-5
1704,9.0825E-5
1705,4.0197E-5
1706,4.2299E-5
1707,4.199E-5
1708,7.6409E-5
1709,4.1248E-5
1710,5.2304E-5
1711,4.3141E-5
1712,4.8736E-5
1713,4.5618E-5
1714,3.7094E-5
1715,4.6059E-5
1716,5.2804E-5
1717,4.4118E-5
1718,4.4604E-5
1719,5.4779E-5
1720,4.7755E-5
1721,5.2385E-5
1722,9.6074E-5
1723,4.1748E-5
1724,4.4284E-5
1725,3.7507E-5
1726,4.5463E-5
1727,4.3283E-5
1728,4.5826E-5
1729,4.029E-5
1730,4.6725E-5
1731,5.8064E-5
1732,4.2836E-5
1733,5.8801E-5
1734,4.7554E-5
1735,4.5867E-5
1736,4.2834E-5
1737,5.2764E-5
1738,4.3527E-5
1739,4.6662E-5
1740,4.749E-5
1741,4.7136E-5
1742,5.753E-5
1743,5.5423E-5
1744,4.7653E-5
1745,4.4415E-5
1746,5.0476E-5
1747,5.1973E-5
1748,4.5911E-5
1749,5.0522E-5
1750,4.6923E-5
1751,5.69E-5
1752,3.8261E-5
1753,4.8931E-5
1754,5.4709E-5
1755,4.7635E-5
1756,5.2919E-5
1757,4.8076E-5
1758,6.2279E-5
1759,4.6081E-5
1760,4.5242E-5
1761,4.5422E-5
1762,4.822E-5
1763,5.3931E-5
1764,4.933E-5
1765,4.932E-5
1766,4.5507E-5
1767,6.1722E-5
1768,5.2122E-5
1769,6.4121E-5
1770,4.918E-5
1771,4.4634E-5
1772,4.8234E-5
1773,6.2969E-5
1774,6.4686E-5
1775,5.399E-5
1776,5.6253E-5
1777,6.8126E-5
1778,4.879E-5
1779,4.1589E-5
1780,5.8514E-5
1781,5.9219E-5
1782,4.7683E-5
1783,4.9692E-5
1784,4.3752E-5
1785,4.1434E-5
1786,3.6563E-5
1787,4.6373E-5
1788,5.4813E-5
1789,4.6649E-5
1790,5.7925E-5
1791,6.4858E-5
1792,5.2138E-5
1793,5.4285E-5
1794,4.071E-5
1795,4.5082E-5
1796,5.6941E-5
1797,7.6238E-5
1798,4.2995E-5
1799,5.5932E-5
1800,8.0693E-5
1801,5.1945E-5
1802,5.2214E-5
1803,4.1864E-5
1804,5.0121E-5
1805,5.7267E-5
1806,4.1714E-5
1807,4.9385E-5
1808,4.2253E-5
1809,4.7499E-5
1810,3.9702E-5
1811,4.5313E-5
1812,4.831E-5
1813,4.8585E-5
1814,4.2885E-5
1815,4.2503E-5
1816,4.8168E-5
1817,6.194E-5
1818,3.9568E-5
1819,5.0156E-5
1820,6.2614E-5
1821,4.364E-5
1822,4.8416E-5
1823,4.5164E-5
1824,5.2291E-5
1825,9.5545E-5
1826,4.6403E-5
1827,7.1364E-5
1828,4.6812E-5
1829,6.3866E-5
1830,3.7309E-5
1831,4.3769E-5
1832,4.1546E-5
1833,4.6531E-5
1834,5.8141E-5
1835,4.6387E-5
1836,4.5954E-5
1837,6.631E-5
1838,5.258E-5
1839,4.5882E-5
1840,5.0129E-5
1841,7.3563E-5
1842,5.0389E-5
1843,4.2156E-5
1844,5.6422E-5
1845,7.5763E-5
1846,6.6455E-5
1847,5.7606E-5
1848,5.3307E-5
1849,4.4574E-5
1850,5.67E-5
1851,5.7554E-5
1852,5.801E-5
1853,4.6836E-5
1854,5.4152E-5
1855,4.5237E-5
1856,8.0828E-5
1857,7.7166E-5
1858,4.7086E-5
1859,5.4425E-5
1860,4.74E-5
1861,1.16314E-4
1862,5.0763E-5
1863,6.0849E-5
1864,4.9746E-5
1865,4.7902E-5
1866,4.0914E-5
1867,7.1748E-5
1868,4.777E-5
1869,4.599E-5
1870,5.8828E-5
1871,5.2557E-5
1872,4.4076E-5
1873,5.2153E-5
1874,4.7112E-5
1875,7.496E-5
1876,7.4609E-5
1877,4.7018E-5
1878,8.2971E-5
1879,5.4927E-5
1880,3.7124E-5
1881,4.3823E-5
1882,5.0339E-5
1883,5.6506E-5
1884,4.8869E-5
1885,4.1659E-5
1886,6.1607E-5
1887,6.5703E-5
1888,5.6923E-5
1889,4.7684E-5
1890,4.776E-5
1891,5.19E-5
1892,7.8937E-5
1893,4.8018E-5
1894,5.0296E-5
1895,4.9149E-5
1896,6.6616E-5
1897,5.6634E-5
1898,1.30222E-4
1899,6.0466E-5
1900,4.4947E-5
1901,5.79E-5
1902,6.555E-5
1903,4.9229E-5
1904,4.4553E-5
1905,6.1612E-5
1906,6.3138E-5
1907,4.3491E-5
1908,4.8133E-5
1909,7.0195E-5
1910,5.6995E-5
1911,4.7798E-5
1912,5.6046E-5
1913,5.4685E-5
1914,6.2647E-5
1915,5.0011E-5
1916,5.8618E-5
1917,6.8424E-5
1918,4.6615E-5
1919,5.4572E-5
1920,5.6268E-5
1921,4.838E-5
1922,6.4052E-5
1923,7.3344E-5
1924,5.2799E-5
1925,6.4241E-5
1926,4.7492E-5
1927,4.6183E-5
1928,5.215E-5
1929,5.7676E-5
1930,5.3367E-5
1931,4.5421E-5
1932,6.7307E-5
1933,5.4903E-5
1934,4.4015E-5
1935,4.989E-5
1936,4.6436E-5
1937,4.9025E-5
1938,5.7835E-5
1939,5.7911E-5
1940,4.9246E-5
1941,4.529E-5
1942,5.0186E-5
1943,4.8074E-5
1944,5.0545E-5
1945,7.6203E-5
1946,7.6475E-5
1947,1.0314E-4
1948,5.3318E-5
1949,6.593E-5
1950,4.3652E-5
1951,4.4151E-5
1952,4.7548E-5
1953,7.0202E-5
1954,4.9168E-5
1955,4.6685E-5
1956,5.6072E-5
1957,7.0959E-5
1958,8.8511E-5
1959,3.646E-5
1960,3.7636E-5
1961,8.2096E-5
1962,4.7581E-5
1963,4.4177E-5
1964,5.0168E-5
1965,7.4146E-5
1966,6.3321E-5
1967,6.0563E-5
1968,4.2398E-5
1969,5.398E-5
1970,7.3726E-5
1971,6.7109E-5
1972,5.6881E-5
1973,5.9244E-5
1974,5.1362E-5
1975,5.4984E-5
1976,5.9861E-5
1977,9.2389E-5
1978,4.3699E-5
1979,5.1297E-5
1980,4.301E-5
1981,4.3514E-5
1982,4.235E-5
1983,5.4347E-5
1984,5.6602E-5
1985,4.8304E-5
1986,5.1901E-5
1987,4.5848E-5
1988,4.9503E-5
1989,5.0065E-5
1990,6.7952E-5
1991,6.9157E-5
1992,5.4062E-5
1993,5.6513E-5
1994,5.988E-5
1995,1.02091E-4
1996,6.0793E-5
1997,5.9081E-5
1998,5.0596E-5
1999,4.4975E-5
2000,5.2674E-5
2001,4.5006E-5
2002,5.5796E-5
2003,5.3789E-5
2004,5.2917E-5
2005,5.3812E-5
2006,4.9111E-5
2007,4.7922E-5
2008,5.9542E-5
2009,5.3681E-5
2010,6.6597E-5
2011,6.532E-5
2012,5.2683E-5
2013,5.565E-5
2014,1.00339E-4
2015,7.6697E-5
2016,5.6175E-5
2017,4.387E-5
2018,7.2609E-5
2019,6.1793E-5
2020,5.0186E-5
2021,5.0046E-5
2022,6.3338E-5
2023,6.009E-5
2024,4.9841E-5
2025,5.2663E-5
2026,5.1809E-5
2027,5.5641E-5
2028,6.1662E-5
2029,5.8916E-5
2030,5.7832E-5
2031,4.8358E-5
2032,6.4806E-5
2033,6.5896E-5
2034,8.1073E-5
2035,6.4137E-5
2036,5.7393E-5
2037,4.9238E-5
2038,5.3535E-5
2039,6.4917E-5
2040,5.1015E-5
2041,9.547E-5
2042,4.6998E-5
2043,5.5128E-5
2044,5.0673E-5
2045,5.4679E-5
2046,6.0816E-5
2047,9.2977E-5
2048,5.8551E-5
2049,5.9347E-5
2050,5.6266E-5
2051,6.3813E-5
2052,4.8251E-5
2053,5.228E-5
2054,8.8644E-5
2055,6.7506E-5
2056,5.9576E-5
2057,6.6215E-5
2058,6.2522E-5
2059,5.5777E-5
2060,5.1268E-5
2061,4.6426E-5
2062,5.8932E-5
2063,5.8083E-5
2064,5.1279E-5
2065,1.0102E-4
2066,4.784E-5
2067,5.4628E-5
2068,8.619E-5
2069,6.1177E-5
2070,5.9327E-5
2071,7.3695E-5
2072,4.9922E-5
2073,6.2122E-5
2074,7.0347E-5
2075,6.3673E-5
2076,5.6143E-5
2077,5.8274E-5
2078,5.8824E-5
2079,5.9086E-5
2080,6.5194E-5
2081,5.0015E-5
2082,5.5184E-5
2083,5.6716E-5
2084,7.6672E-5
2085,5.2216E-5
2086,5.1843E-5
2087,5.3653E-5
2088,5.8367E-5
2089,5.3685E-5
2090,5.5236E-5
2091,6.6584E-5
2092,5.7277E-5
2093,5.9143E-5
2094,5.6887E-5
2095,5.0746E-5
2096,5.7773E-5
2097,5.9653E-5
2098,6.8852E-5
2099,6.1882E-5
2100,6.0177E-5
2101,5.1593E-5
2102,6.6424E-5
2103,4.9623E-5
2104,5.3382E-5
2105,7.1189E-5
2106,6.0398E-5
2107,6.6672E-5
2108,5.7038E-5
2109,6.0638E-5
2110,6.2989E-5
2111,6.4412E-5
2112,5.4246E-5
2113,6.029E-5
2114,7.898E-5
2115,5.5208E-5
2116,5.6705E-5
2117,5.918E-5
2118,6.738E-5
2119,5.134E-5
2120,6.1403E-5
2121,5.6975E-5
2122,5.6871E-5
2123,5.227E-5
2124,5.0628E-5
2125,6.8294E-5
2126,6.4308E-5
2127,1.01813E-4
2128,4.8669E-5
2129,5.7974E-5
2130,8.7962E-5
2131,5.4488E-5
2132,5.4872E-5
2133,5.3229E-5
2134,6.7795E-5
2135,8.1981E-5
2136,5.7318E-5
2137,6.9984E-5
2138,5.0167E-5
2139,6.6284E-5
2140,5.7547E-5
2141,5.7564E-5
2142,5.0863E-5
2143,6.1831E-5
2144,5.4849E-5
2145,4.8394E-5
2146,5.3269E-5
2147,5.0869E-5
2148,7.4452E-5
2149,5.7753E-5
2150,9.4407E-5
2151,5.1936E-5
2152,6.9472E-5
2153,7.4801E-5
2154,5.0104E-5
2155,9.8349E-5
2156,5.1634E-5
2157,6.2157E-5
2158,4.7834E-5
2159,5.0551E-5
2160,6.5794E-5
2161,6.492E-5
2162,6.5862E-5
2163,7.4465E-5
2164,7.8801E-5
2165,5.037E-5
2166,6.1884E-5
2167,7.6346E-5
2168,1.31978E-4
2169,6.9261E-5
2170,6.3271E-5
2171,5.8076E-5
2172,7.56E-5
2173,5.9779E-5
2174,6.4048E-5
2175,8.5104E-5
2176,6.3483E-5
2177,5.3166E-5
2178,5.8964E-5
2179,4.6903E-5
2180,6.5872E-5
2181,6.2128E-5
2182,6.5372E-5
2183,5.8614E-5
2184,5.3241E-5
2185,5.8968E-5
2186,5.6101E-5
2187,6.2598E-5
2188,6.7691E-5
2189,8.4432E-5
2190,6.9982E-5
2191,6.8965E-5
2192,5.3503E-5
2193,6.5206E-5
2194,5.9488E-5
2195,6.1924E-5
2196,6.4827E-5
2197,6.02E-5
2198,4.6656E-5
2199,1.18112E-4
2200,7.7377E-5
2201,5.3463E-5
2202,6.8529E-5
2203,5.6085E-5
2204,6.4984E-5
2205,5.8937E-5
2206,5.9993E-5
2207,5.3708E-5
2208,5.2954E-5
2209,5.8532E-5
2210,7.6911E-5
2211,6.5073E-5
2212,5.6558E-5
2213,1.48982E-4
2214,6.7912E-5
2215,6.2555E-5
2216,9.7351E-5
2217,5.2721E-5
2218,5.1443E-5
2219,6.5428E-5
2220,5.847E-5
2221,6.445E-5
2222,9.1563E-5
2223,8.5111E-5
2224,5.4556E-5
2225,7.0999E-5
2226,6.572E-5
2227,6.0737E-5
2228,6.5863E-5
2229,5.3457E-5
2230,5.4804E-5
2231,6.3917E-5
2232,6.0907E-5
2233,6.5144E-5
2234,6.6326E-5
2235,5.4693E-5
2236,6.8134E-5
2237,6.3869E-5
2238,5.7756E-5
2239,5.5185E-5
2240,9.5757E-5
2241,6.6462E-5
2242,7.2664E-5
2243,5.9614E-5
2244,7.473E-5
2245,6.8698E-5
2246,9.0541E-5
2247,6.9667E-5
2248,5.5594E-5
2249,9.1433E-5
2250,8.0687E-5
2251,5.7132E-5
2252,6.4883E-5
2253,5.8831E-5
2254,7.4853E-5
2255,7.544E-5
2256,7.1975E-5
2257,6.471E-5
2258,7.7964E-5
2259,7.8611E-5
2260,6.8788E-5
2261,9.2288E-5
2262,8.9055E-5
2263,5.9758E-5
2264,7.2207E-5
2265,6.8717E-5
2266,6.276E-5
2267,6.5698E-5
2268,7.4366E-5
2269,9.2164E-5
2270,6.3159E-5
2271,6.9024E-5
2272,6.3297E-5
2273,5.9817E-5
2274,6.9249E-5
2275,5.9455E-5
2276,6.295E-5
2277,8.2894E-5
2278,6.1771E-5
2279,5.5292E-5
2280,6.6895E-5
2281,5.5327E-5
2282,7.8735E-5
2283,7.5969E-5
2284,7.0046E-5
2285,5.2655E-5
2286,5.9539E-5
2287,7.7061E-5
2288,5.9132E-5
2289,7.569E-5
2290,6.172E-5
2291,7.0894E-5
2292,6.5473E-5
2293,5.8315E-5
2294,6.7572E-5
2295,6.3821E-5
2296,9.3678E-5
2297,6.2206E-5
2298,8.3315E-5
2299,7.4465E-5
2300,7.458E-5
2301,7.6834E-5
2302,5.852E-5
2303,7.6495E-5
2304,6.2105E-5
2305,6.59E-5
2306,6.5472E-5
2307,4.9758E-5
2308,4.8327E-5
2309,6.7608E-5
2310,6.155E-5
2311,7.1967E-5
2312,6.2401E-5
2313,7.2148E-5
2314,5.7228E-5
2315,8.6074E-5
2316,1.56351E-4
2317,6.7464E-5
2318,7.6316E-5
2319,9.9656E-5
2320,6.9006E-5
2321,7.709E-5
2322,5.8945E-5
2323,7.2781E-5
2324,6.4873E-5
2325,7.3637E-5
2326,7.4483E-5
2327,6.9152E-5
2328,6.2405E-5
2329,5.9073E-5
2330,5.9869E-5
2331,8.3363E-5
2332,7.8606E-5
2333,7.2355E-5
2334,6.9723E-5
2335,6.1695E-5
2336,5.4362E-5
2337,8.6792E-5
2338,7.529E-5
2339,6.5461E-5
2340,6.9621E-5
2341,5.6751E-5
2342,1.04673E-4
2343,8.1715E-5
2344,1.35732E-4
2345,7.2239E-5
2346,7.2344E-5
2347,8.6361E-5
2348,6.9825E-5
2349,6.0559E-5
2350,8.011E-5
2351,7.1731E-5
2352,8.5056E-5
2353,7.981E-5
2354,7.8437E-5
2355,6.6538E-5
2356,1.0551E-4
2357,6.2121E-5
2358,6.7225E-5
2359,1.02671E-4
2360,5.2455E-5
2361,6.9498E-5
2362,7.1999E-5
2363,7.9453E-5
2364,6.0248E-5
2365,6.1754E-5
2366,7.2058E-5
2367,6.6015E-5
2368,5.9339E-5
2369,6.9806E-5
2370,5.6917E-5
2371,1.13021E-4
2372,8.3827E-5
2373,9.9622E-5
2374,7.1967E-5
2375,6.2821E-5
2376,6.2697E-5
2377,6.8461E-5
2378,7.8402E-5
2379,6.1278E-5
2380,7.1698E-5
2381,6.5251E-5
2382,6.8831E-5
2383,6.5905E-5
2384,1.14338E-4
2385,7.86E-5
2386,9.4025E-5
2387,6.8323E-5
2388,5.6504E-5
2389,6.3064E-5
2390,7.5536E-5
2391,6.4073E-5
2392,7.5991E-5
2393,7.765E-5
2394,8.3242E-5
2395,6.6147E-5
2396,5.9542E-5
2397,6.9286E-5
2398,7.8302E-5
2399,5.6723E-5
2400,6.4995E-5
2401,7.0416E-5
2402,8.9521E-5
2403,7.1947E-5
2404,6.7434E-5
2405,9.217E-5
2406,6.2866E-5
2407,9.0367E-5
2408,7.5799E-5
2409,1.03239E-4
2410,7.0351E-5
2411,7.0416E-5
2412,5.7509E-5
2413,6.3844E-5
2414,7.9369E-5
2415,7.9791E-5
2416,7.1697E-5
2417,9.2684E-5
2418,8.4848E-5
2419,6.7085E-5
2420,6.3431E-5
2421,5.9308E-5
2422,7.4606E-5
2423,6.159E-5
2424,7.4351E-5
2425,5.7579E-5
2426,6.8419E-5
2427,7.5204E-5
2428,5.4154E-5
2429,6.6812E-5
2430,6.8745E-5
2431,7.3365E-5
2432,7.7462E-5
2433,7.8939E-5
2434,7.6913E-5
2435,6.6677E-5
2436,6.3825E-5
2437,1.02832E-4
2438,1.22463E-4
2439,6.9639E-5
2440,5.7179E-5
2441,7.5455E-5
2442,6.7686E-5
2443,8.6941E-5
2444,5.7156E-5
2445,7.2046E-5
2446,8.1949E-5
2447,6.363E-5
2448,8.458E-5
2449,8.9895E-5
2450,6.8786E-5
2451,8.8384E-5
2452,5.9039E-5
2453,5.7728E-5
2454,7.5665E-5
2455,9.1344E-5
2456,6.4157E-5
2457,7.2492E-5
2458,8.4596E-5
2459,7.2343E-5
2460,7.1265E-5
2461,6.3927E-5
2462,6.3043E-5
2463,5.9208E-5
2464,5.7486E-5
2465,7.037E-5
2466,6.5119E-5
2467,6.8532E-5
2468,6.0022E-5
2469,6.9575E-5
2470,7.0106E-5
2471,1.00674E-4
2472,6.6666E-5
2473,1.14515E-4
2474,8.2839E-5
2475,7.0538E-5
2476,7.9312E-5
2477,7.7365E-5
2478,9.7321E-5
2479,8.3921E-5
2480,6.3735E-5
2481,7.1359E-5
2482,7.5478E-5
2483,9.0738E-5
2484,6.2021E-5
2485,6.9148E-5
2486,7.5152E-5
2487,8.0258E-5
2488,6.0783E-5
2489,5.5222E-5
2490,7.0111E-5
2491,1.16068E-4
2492,6.4828E-5
2493,7.9344E-5
2494,7.6281E-5
2495,6.9455E-5
2496,8.5765E-5
2497,8.1867E-5
2498,7.7717E-5
2499,8.977E-5
2500,6.975E-5
2501,7.4868E-5
2502,7.2251E-5
2503,8.0251E-5
2504,9.1951E-5
2505,7.444E-5
2506,7.1414E-5
2507,6.7832E-5
2508,1.34721E-4
2509,6.3969E-5
2510,9.121E-5
2511,7.9883E-5
2512,5.8218E-5
2513,7.258E-5
2514,6.5384E-5
2515,9.3432E-5
2516,9.1293E-5
2517,5.7432E-5
2518,6.7948E-5
2519,6.5536E-5
2520,1.3984E-4
2521,8.5507E-5
2522,8.73E-5
2523,8.4855E-5
2524,6.2558E-5
2525,6.8323E-5
2526,8.1998E-5
2527,9.7887E-5
2528,7.1896E-5
2529,9.1513E-5
2530,6.858E-5
2531,6.4292E-5
2532,7.5975E-5
2533,6.6398E-5
2534,1.35959E-4
2535,6.8963E-5
2536,7.1556E-5
2537,7.1385E-5
2538,7.4072E-5
2539,8.2968E-5
2540,1.00981E-4
2541,9.6099E-5
2542,8.8398E-5
2543,7.2085E-5
2544,6.6302E-5
2545,5.6989E-5
2546,7.3093E-5
2547,9.1367E-5
2548,7.5687E-5
2549,7.8382E-5
2550,8.7239E-5
2551,7.5835E-5
2552,5.818E-5
2553,1.05701E-4
2554,6.7858E-5
2555,7.3677E-5
2556,9.5069E-5
2557,8.3612E-5
2558,8.0847E-5
2559,7.2908E-5
2560,6.7139E-5
2561,6.9531E-5
2562,7.5164E-5
2563,7.174E-5
2564,7.4003E-5
2565,8.784E-5
2566,1.10528E-4
2567,9.1723E-5
2568,7.6851E-5
2569,1.07538E-4
2570,9.3571E-5
2571,9.6376E-5
2572,6.5363E-5
2573,6.577E-5
2574,7.8465E-5
2575,8.0422E-5
2576,8.0174E-5
2577,6.9792E-5
2578,8.4545E-5
2579,7.6724E-5
2580,8.8341E-5
2581,8.4949E-5
2582,7.2837E-5
2583,6.7724E-5
2584,7.8139E-5
2585,6.7026E-5
2586,1.01862E-4
2587,8.349E-5
2588,7.484E-5
2589,7.6315E-5
2590,1.12536E-4
2591,7.7667E-5
2592,7.7046E-5
2593,5.9898E-5
2594,8.5687E-5
2595,7.7537E-5
2596,1.26428E-4
2597,8.0328E-5
2598,9.633E-5
2599,6.5231E-5
2600,7.0756E-5
2601,7.7252E-5
2602,6.7826E-5
2603,9.7661E-5
2604,8.0185E-5
2605,8.4573E-5
2606,8.9891E-5
2607,1.11439E-4
2608,8.7909E-5
2609,8.335E-5
2610,8.3863E-5
2611,8.0522E-5
2612,7.0695E-5
2613,7.1395E-5
2614,7.9159E-5
2615,1.52825E-4
2616,6.8796E-5
2617,9.1162E-5
2618,6.7558E-5
2619,6.6392E-5
2620,8.9573E-5
2621,8.211E-5
2622,8.0662E-5
2623,8.4406E-5
2624,8.4273E-5
2625,1.09981E-4
2626,7.6868E-5
2627,1.16595E-4
2628,6.5933E-5
2629,1.01963E-4
2630,9.6173E-5
2631,7.9613E-5
2632,1.03125E-4
2633,8.2295E-5
2634,1.07373E-4
2635,7.9291E-5
2636,7.987E-5
2637,7.6497E-5
2638,6.3924E-5
2639,7.8017E-5
2640,8.4357E-5
2641,1.24738E-4
2642,6.1474E-5
2643,8.3456E-5
2644,7.613E-5
2645,1.06793E-4
2646,1.0262E-4
2647,6.7494E-5
2648,9.7449E-5
2649,6.5447E-5
2650,1.17802E-4
2651,8.8771E-5
2652,7.3701E-5
2653,7.408E-5
2654,7.5935E-5
2655,1.03933E-4
2656,7.1411E-5
2657,7.9451E-5
2658,8.3405E-5
2659,7.0596E-5
2660,8.4409E-5
2661,8.2318E-5
2662,8.7651E-5
2663,7.4696E-5
2664,6.9557E-5
2665,8.8729E-5
2666,7.5671E-5
2667,8.3128E-5
2668,1.03272E-4
2669,8.5629E-5
2670,9.1253E-5
2671,8.1676E-5
2672,1.20439E-4
2673,8.2216E-5
2674,8.8828E-5
2675,8.1102E-5
2676,7.6506E-5
2677,8.2317E-5
2678,9.8515E-5
2679,1.22177E-4
2680,6.7905E-5
2681,1.24015E-4
2682,1.03348E-4
2683,1.20232E-4
2684,6.5869E-5
2685,9.3066E-5
2686,9.7523E-5
2687,7.739E-5
2688,8.3999E-5
2689,7.3583E-5
2690,8.2268E-5
2691,8.5802E-5
2692,8.3985E-5
2693,6.977E-5
2694,1.09129E-4
2695,6.3688E-5
2696,7.095E-5
2697,8.065E-5
2698,6.3427E-5
2699,7.0626E-5
2700,1.04449E-4
2701,7.7065E-5
2702,7.0284E-5
2703,8.9853E-5
2704,7.4964E-5
2705,7.217E-5
2706,1.42506E-4
2707,7.0662E-5
2708,9.7987E-5
2709,1.09456E-4
2710,7.8081E-5
2711,7.3343E-5
2712,8.044E-5
2713,7.653E-5
2714,1.04774E-4
2715,8.3825E-5
2716,9.7923E-5
2717,8.2062E-5
2718,9.7589E-5
2719,6.7613E-5
2720,9.2689E-5
2721,1.00927E-4
2722,8.0467E-5
2723,1.04368E-4
2724,8.1127E-5
2725,9.8763E-5
2726,9.2428E-5
2727,8.6548E-5
2728,8.9411E-5
2729,8.2525E-5
2730,8.6716E-5
2731,8.7243E-5
2732,8.6662E-5
2733,7.971E-5
2734,7.4155E-5
2735,1.03736E-4
2736,9.3147E-5
2737,7.0748E-5
2738,7.7536E-5
2739,7.895E-5
2740,9.9859E-5
2741,6.6523E-5
2742,1.02712E-4
2743,9.1471E-5
2744,8.4603E-5
2745,1.12203E-4
2746,1.03737E-4
2747,7.7627E-5
2748,9.0239E-5
2749,9.1056E-5
2750,7.893E-5
2751,8.8195E-5
2752,8.473E-5
2753,6.6472E-5
2754,8.1278E-5
2755,9.2275E-5
2756,7.1836E-5
2757,1.21101E-4
2758,8.2205E-5
2759,6.9113E-5
2760,7.7734E-5
2761,6.7248E-5
2762,8.5138E-5
2763,7.0087E-5
2764,1.03807E-4
2765,1.19253E-4
2766,8.1631E-5
2767,8.2946E-5
2768,1.09639E-4
2769,7.1449E-5
2770,7.767E-5
2771,8.0279E-5
2772,7.6573E-5
2773,7.3778E-5
2774,9.3485E-5
2775,7.6891E-5
2776,9.1344E-5
2777,8.0632E-5
2778,9.6499E-5
2779,1.03046E-4
2780,1.01429E-4
2781,7.022E-5
2782,7.6095E-5
2783,7.6911E-5
2784,9.2185E-5
2785,8.3321E-5
2786,7.4502E-5
2787,9.3628E-5
2788,9.3467E-5
2789,7.3191E-5
2790,7.9162E-5
2791,1.27661E-4
2792,9.4056E-5
2793,7.425E-5
2794,9.3964E-5
2795,9.6105E-5
2796,7.4169E-5
2797,8.5696E-5
2798,8.5989E-5
2799,8.2286E-5
2800,9.2594E-5
2801,8.1673E-5
2802,7.0819E-5
2803,1.17012E-4
2804,6.3366E-5
2805,7.9779E-5
2806,9.066E-5
2807,9.8057E-5
2808,1.16347E-4
2809,7.1754E-5
2810,1.85863E-4
2811,8.689E-5
2812,8.2297E-5
2813,9.078E-5
2814,8.3896E-5
2815,7.6518E-5
2816,8.7182E-5
2817,8.9734E-5
2818,8.6841E-5
2819,1.00274E-4
2820,9.5916E-5
2821,8.1942E-5
2822,8.5477E-5
2823,8.3286E-5
2824,6.828E-5
2825,8.7544E-5
2826,9.0534E-5
2827,7.9327E-5
2828,1.19306E-4
2829,1.0665E-4
2830,7.176E-5
2831,1.13855E-4
2832,8.8971E-5
2833,1.26499E-4
2834,9.5088E-5
2835,1.03597E-4
2836,1.3945E-4
2837,1.03814E-4
2838,1.14366E-4
2839,8.0599E-5
2840,8.2177E-5
2841,7.0775E-5
2842,7.2393E-5
2843,8.8083E-5
2844,9.865E-5
2845,8.705E-5
2846,1.22497E-4
2847,9.9673E-5
2848,8.1057E-5
2849,8.2965E-5
2850,9.1162E-5
2851,1.01306E-4
2852,7.351E-5
2853,9.0E-5
2854,8.3279E-5
2855,8.4397E-5
2856,1.21867E-4
2857,7.8645E-5
2858,8.9086E-5
2859,8.3248E-5
2860,1.09647E-4
2861,9.3557E-5
2862,9.3632E-5
2863,1.44991E-4
2864,1.32736E-4
2865,9.2372E-5
2866,7.1774E-5
2867,9.6554E-5
2868,1.00419E-4
2869,9.8979E-5
2870,8.7711E-5
2871,1.13811E-4
2872,9.1895E-5
2873,6.2122E-5
2874,1.22719E-4
2875,1.04589E-4
2876,8.7946E-5
2877,9.5035E-5
2878,8.7053E-5
2879,7.0227E-5
2880,9.2385E-5
2881,8.3985E-5
2882,7.7163E-5
2883,1.0221E-4
2884,1.11876E-4
2885,8.1919E-5
2886,7.9386E-5
2887,8.9983E-5
2888,1.1059E-4
2889,7.855E-5
2890,1.35494E-4
2891,8.5171E-5
2892,1.0054E-4
2893,7.7765E-5
2894,8.2714E-5
2895,9.7168E-5
2896,9.2642E-5
2897,8.6616E-5
2898,1.06477E-4
2899,9.0048E-5
2900,1.04942E-4
2901,9.116E-5
2902,8.3562E-5
2903,1.01898E-4
2904,8.512E-5
2905,8.1315E-5
2906,1.00551E-4
2907,9.8665E-5
2908,9.6883E-5
2909,1.44421E-4
2910,8.5906E-5
2911,8.3314E-5
2912,1.0419E-4
2913,1.0243E-4
2914,9.5143E-5
2915,9.8381E-5
2916,1.04768E-4
2917,1.24583E-4
2918,8.9962E-5
2919,6.4228E-5
2920,9.5205E-5
2921,7.3055E-5
2922,9.5499E-5
2923,1.16313E-4
2924,8.2231E-5
2925,9.4627E-5
2926,8.5352E-5
2927,1.03044E-4
2928,1.07504E-4
2929,9.3118E-5
2930,1.18817E-4
2931,1.03493E-4
2932,1.11411E-4
2933,9.2419E-5
2934,1.18811E-4
2935,1.10634E-4
2936,1.18612E-4
2937,1.06122E-4
2938,8.9708E-5
2939,1.00209E-4
2940,1.09011E-4
2941,8.3637E-5
2942,1.00309E-4
2943,8.0226E-5
2944,1.0793E-4
2945,9.5607E-5
2946,9.249E-5
2947,7.3788E-5
2948,9.5181E-5
2949,1.07965E-4
2950,9.4145E-5
2951,8.1269E-5
2952,1.12768E-4
2953,1.55153E-4
2954,8.2515E-5
2955,1.37842E-4
2956,1.02992E-4
2957,7.5487E-5
2958,1.12794E-4
2959,9.0423E-5
2960,6.8313E-5
2961,8.9619E-5
2962,1.00679E-4
2963,1.00467E-4
2964,1.09681E-4
2965,9.0667E-5
2966,9.4279E-5
2967,1.10701E-4
2968,1.24081E-4
2969,1.00982E-4
2970,1.07062E-4
2971,9.8644E-5
2972,9.9913E-5
2973,9.9209E-5
2974,9.1406E-5
2975,9.3423E-5
2976,8.6043E-5
2977,1.01748E-4
2978,1.22915E-4
2979,8.8124E-5
2980,9.0671E-5
2981,8.4478E-5
2982,9.0714E-5
2983,8.5694E-5
2984,1.12173E-4
2985,9.3726E-5
2986,9.8872E-5
2987,9.0616E-5
2988,1.33826E-4
2989,1.41145E-4
2990,9.2139E-5
2991,8.5826E-5
2992,1.37634E-4
2993,9.4439E-5
2994,1.19215E-4
2995,9.3104E-5
2996,9.0616E-5
2997,1.08803E-4
2998,9.1426E-5
2999,8.4551E-5
3000,1.10649E-4
3001,9.4163E-5
3002,9.2035E-5
3003,1.27507E-4
3004,9.5978E-5
3005,1.24933E-4
3006,8.1386E-5
3007,1.00969E-4
3008,7.8732E-5
3009,1.20403E-4
3010,9.3706E-5
3011,8.3624E-5
3012,9.6597E-5
3013,1.12528E-4
3014,1.01749E-4
3015,9.3145E-5
3016,9.1226E-5
3017,9.6266E-5
3018,1.05605E-4
3019,7.6835E-5
3020,1.21451E-4
3021,8.2578E-5
3022,8.2486E-5
3023,8.564E-5
3024,8.9645E-5
3025,1.42976E-4
3026,1.05327E-4
3027,8.0059E-5
3028,1.04894E-4
3029,8.7803E-5
3030,2.11744E-4
3031,9.8727E-5
3032,1.01457E-4
3033,9.5518E-5
3034,1.04215E-4
3035,7.4031E-5
3036,1.17947E-4
3037,7.7601E-5
3038,1.03914E-4
3039,9.2685E-5
3040,1.07378E-4
3041,9.5917E-5
3042,1.03934E-4
3043,1.23393E-4
3044,1.16547E-4
3045,8.0962E-5
3046,9.7526E-5
3047,9.0951E-5
3048,1.1369E-4
3049,9.9931E-5
3050,9.5104E-5
3051,1.03212E-4
3052,1.15285E-4
3053,9.8494E-5
3054,8.4267E-5
3055,1.07008E-4
3056,8.9576E-5
3057,9.7452E-5
3058,1.1564E-4
3059,1.83467E-4
3060,1.1952E-4
3061,1.05181E-4
3062,1.15077E-4
3063,9.529E-5
3064,1.01904E-4
3065,9.6377E-5
3066,1.17183E-4
3067,1.02769E-4
3068,1.23856E-4
3069,1.01982E-4
3070,8.9708E-5
3071,8.5635E-5
3072,9.7947E-5
3073,1.1393E-4
3074,8.101E-5
3075,8.9848E-5
3076,1.22595E-4
3077,8.3123E-5
3078,1.3187E-4
3079,1.29956E-4
3080,9.1273E-5
3081,1.1125E-4
3082,1.13901E-4
3083,1.20033E-4
3084,1.18074E-4
3085,8.001E-5
3086,1.14099E-4
3087,9.8979E-5
3088,9.3263E-5
3089,7.7822E-5
3090,1.79224E-4
3091,8.9947E-5
3092,8.8688E-5
3093,9.2088E-5
3094,8.4967E-5
3095,1.3456E-4
3096,9.5067E-5
3097,9.5711E-5
3098,1.07378E-4
3099,1.09918E-4
3100,7.8753E-5
3101,1.15774E-4
3102,8.3653E-5
3103,1.09557E-4
3104,1.5433E-4
3105,1.24797E-4
3106,9.8772E-5
3107,9.0363E-5
3108,8.5253E-5
3109,8.9484E-5
3110,1.06245E-4
3111,8.3768E-5
3112,7.7397E-5
3113,1.00541E-4
3114,1.34427E-4
3115,8.983E-5
3116,1.13239E-4
3117,1.05799E-4
3118,8.1035E-5
3119,1.42447E-4
3120,9.3936E-5
3121,1.34631E-4
3122,8.7553E-5
3123,1.65892E-4
3124,9.9679E-5
3125,1.38405E-4
3126,1.08611E-4
3127,1.34229E-4
3128,9.8792E-5
3129,9.9267E-5
3130,1.23794E-4
3131,1.51394E-4
3132,1.34335E-4
3133,1.1035E-4
3134,1.13851E-4
3135,1.16129E-4
3136,1.1652E-4
3137,1.16047E-4
3138,1.13932E-4
3139,8.9807E-5
3140,1.05163E-4
3141,1.33652E-4
3142,9.2777E-5
3143,1.05268E-4
3144,1.24386E-4
3145,9.4012E-5
3146,2.1319E-4
3147,1.20942E-4
3148,9.4743E-5
3149,1.42779E-4
3150,9.9873E-5
3151,1.74583E-4
3152,1.15297E-4
3153,1.03634E-4
3154,1.11865E-4
3155,9.7777E-5
3156,9.6586E-5
3157,8.7031E-5
3158,9.2872E-5
3159,1.2732E-4
3160,1.37283E-4
3161,1.46512E-4
3162,8.888E-5
3163,1.17867E-4
3164,1.16727E-4
3165,1.20736E-4
3166,7.9462E-5
3167,9.6468E-5
3168,9.2787E-5
3169,1.30139E-4
3170,1.16738E-4
3171,1.07226E-4
3172,8.9608E-5
3173,8.3929E-5
3174,1.14898E-4
3175,1.19782E-4
3176,9.5155E-5
3177,9.8582E-5
3178,1.20337E-4
3179,1.24947E-4
3180,1.08291E-4
3181,1.04239E-4
3182,8.4951E-5
3183,1.59069E-4
3184,1.05862E-4
3185,9.9913E-5
3186,1.21654E-4
3187,9.2266E-5
3188,1.02784E-4
3189,1.16819E-4
3190,8.6841E-5
3191,1.1185E-4
3192,1.26427E-4
3193,8.727E-5
3194,1.00639E-4
3195,9.5428E-5
3196,1.09819E-4
3197,1.21847E-4
3198,9.7549E-5
3199,1.29667E-4
3200,9.1682E-5
3201,1.55026E-4
3202,1.28084E-4
3203,1.1702E-4
3204,8.3453E-5
3205,8.6436E-5
3206,8.822E-5
3207,1.54698E-4
3208,1.00666E-4
3209,1.03107E-4
3210,1.06262E-4
3211,1.03369E-4
3212,1.07616E-4
3213,1.0378E-4
3214,1.20286E-4
3215,9.8911E-5
3216,1.37686E-4
3217,1.44845E-4
3218,9.8977E-5
3219,9.795E-5
3220,1.3477E-4
3221,1.06924E-4
3222,1.06159E-4
3223,1.24137E-4
3224,1.025E-4
3225,1.20855E-4
3226,1.06414E-4
3227,8.6509E-5
3228,9.2007E-5
3229,8.6848E-5
3230,9.819E-5
3231,1.43082E-4
3232,1.11429E-4
3233,9.2589E-5
3234,1.13251E-4
3235,1.15655E-4
3236,1.27977E-4
3237,1.37356E-4
3238,8.5851E-5
3239,8.6077E-5
3240,9.0543E-5
3241,1.49551E-4
3242,1.11812E-4
3243,9.2915E-5
3244,1.09452E-4
3245,1.41173E-4
3246,1.04683E-4
3247,1.04364E-4
3248,9.6774E-5
3249,1.09282E-4
3250,9.8605E-5
3251,1.00969E-4
3252,1.1798E-4
3253,1.07144E-4
3254,9.3591E-5
3255,1.1254E-4
3256,9.5026E-5
3257,1.12648E-4
3258,1.02391E-4
3259,1.289E-4
3260,1.37848E-4
3261,1.05705E-4
3262,1.00311E-4
3263,9.5128E-5
3264,9.5981E-5
3265,1.33679E-4
3266,1.39715E-4
3267,9.6192E-5
3268,1.53746E-4
3269,1.29806E-4
3270,2.02558E-4
3271,1.03278E-4
3272,8.9352E-5
3273,1.37402E-4
3274,9.0662E-5
3275,1.02025E-4
3276,1.11602E-4
3277,1.00565E-4
3278,1.13747E-4
3279,1.33881E-4
3280,1.07062E-4
3281,9.7984E-5
3282,8.4746E-5
3283,1.41277E-4
3284,9.8962E-5
3285,1.09014E-4
3286,1.02188E-4
3287,8.8375E-5
3288,1.00028E-4
3289,1.16731E-4
3290,9.1596E-5
3291,9.8116E-5
3292,1.35911E-4
3293,1.05104E-4
3294,1.16366E-4
3295,1.57837E-4
3296,1.20515E-4
3297,1.28846E-4
3298,1.34251E-4
3299,8.6049E-5
3300,1.40623E-4
3301,1.03439E-4
3302,1.31229E-4
3303,1.1569E-4
3304,1.17031E-4
3305,9.5137E-5
3306,1.33537E-4
3307,8.628E-5
3308,8.5548E-5
3309,1.03841E-4
3310,1.23746E-4
3311,1.25025E-4
3312,9.4446E-5
3313,9.6134E-5
3314,1.11103E-4
3315,9.5004E-5
3316,1.20669E-4
3317,1.27141E-4
3318,1.34127E-4
3319,1.00356E-4
3320,9.0194E-5
3321,1.31106E-4
3322,1.09975E-4
3323,1.4481E-4
3324,9.6701E-5
3325,9.1548E-5
3326,9.5214E-5
3327,1.12709E-4
3328,8.4126E-5
3329,1.43082E-4
3330,1.12003E-4
3331,1.37457E-4
3332,9.3163E-5
3333,1.14092E-4
3334,1.56981E-4
3335,9.5462E-5
3336,1.15456E-4
3337,1.37221E-4
3338,1.26956E-4
3339,1.48349E-4
3340,8.6246E-5
3341,1.35898E-4
3342,8.8453E-5
3343,1.36528E-4
3344,8.6075E-5
3345,1.15202E-4
3346,1.12712E-4
3347,1.45414E-4
3348,1.17189E-4
3349,1.00504E-4
3350,1.61048E-4
3351,1.05465E-4
3352,1.06836E-4
3353,1.16388E-4
3354,1.25569E-4
3355,1.6418E-4
3356,9.8618E-5
3357,1.52725E-4
3358,1.24896E-4
3359,1.20461E-4
3360,1.67539E-4
3361,1.01013E-4
3362,1.8459E-4
3363,1.88114E-4
3364,1.13803E-4
3365,1.17462E-4
3366,8.784E-5
3367,1.36024E-4
3368,1.3647E-4
3369,1.12751E-4
3370,9.2216E-5
3371,9.4306E-5
3372,1.14782E-4
3373,1.28783E-4
3374,1.6686E-4
3375,1.20347E-4
3376,1.3399E-4
3377,1.07002E-4
3378,1.0928E-4
3379,1.16077E-4
3380,1.46561E-4
3381,1.18644E-4
3382,1.03083E-4
3383,1.42924E-4
3384,1.64575E-4
3385,1.29009E-4
3386,1.41907E-4
3387,1.13998E-4
3388,1.1605E-4
3389,1.28833E-4
3390,1.23441E-4
3391,1.19837E-4
3392,1.1402E-4
3393,1.07394E-4
3394,1.5283E-4
3395,1.50795E-4
3396,8.9705E-5
3397,1.08251E-4
3398,1.16341E-4
3399,8.5454E-5
3400,1.50525E-4
3401,1.41248E-4
3402,1.1864E-4
3403,1.25085E-4
3404,1.40007E-4
3405,1.42944E-4
3406,9.8205E-5
3407,1.01653E-4
3408,1.14847E-4
3409,1.35629E-4
3410,1.05339E-4
3411,1.70747E-4
3412,1.40955E-4
3413,1.06322E-4
3414,1.14402E-4
3415,1.46916E-4
3416,1.34565E-4
3417,9.2078E-5
3418,9.6642E-5
3419,1.21463E-4
3420,1.39981E-4
3421,1.07584E-4
3422,2.108E-4
3423,9.2786E-5
3424,9.6881E-5
3425,1.19867E-4
3426,1.31409E-4
3427,2.14063E-4
3428,1.14062E-4
3429,1.2815E-4
3430,1.13122E-4
3431,1.57709E-4
3432,1.07906E-4
3433,1.40495E-4
3434,1.22698E-4
3435,1.26977E-4
3436,1.14385E-4
3437,1.27952E-4
3438,1.0174E-4
3439,1.39215E-4
3440,1.65637E-4
3441,9.5266E-5
3442,1.08844E-4
3443,1.46474E-4
3444,1.57706E-4
3445,1.13041E-4
3446,1.32153E-4
3447,1.69868E-4
3448,1.3916E-4
3449,9.7734E-5
3450,1.20285E-4
3451,1.11737E-4
3452,1.51048E-4
3453,1.03468E-4
3454,1.26902E-4
3455,1.25748E-4
3456,1.32374E-4
3457,2.23189E-4
3458,9.6764E-5
3459,1.63809E-4
3460,1.20666E-4
3461,1.30341E-4
3462,1.14472E-4
3463,1.05174E-4
3464,1.23259E-4
3465,1.28168E-4
3466,9.5942E-5
3467,1.71786E-4
3468,1.08246E-4
3469,1.5286E-4
3470,1.16983E-4
3471,1.18274E-4
3472,1.62624E-4
3473,1.48726E-4
3474,1.08836E-4
3475,1.65707E-4
3476,1.16263E-4
3477,3.129E-4
3478,1.22718E-4
3479,1.19133E-4
3480,1.1282E-4
3481,1.14026E-4
3482,1.23356E-4
3483,1.20038E-4
3484,1.55372E-4
3485,1.6182E-4
3486,1.20359E-4
3487,1.4359E-4
3488,1.41164E-4
3489,1.37458E-4
3490,1.10526E-4
3491,9.9728E-5
3492,1.08964E-4
3493,1.47785E-4
3494,1.23271E-4
3495,1.52564E-4
3496,1.01506E-4
3497,1.4779E-4
3498,1.40051E-4
3499,1.45007E-4
3500,1.74167E-4
3501,1.39703E-4
3502,1.50027E-4
3503,1.48074E-4
3504,1.10043E-4
3505,1.45045E-4
3506,1.07727E-4
3507,1.26814E-4
3508,1.49434E-4
3509,3.14352E-4
3510,1.29605E-4
3511,1.5653E-4
3512,9.8232E-5
3513,1.23425E-4
3514,1.02777E-4
3515,1.15549E-4
3516,1.19628E-4
3517,1.09289E-4
3518,9.3516E-5
3519,1.62008E-4
3520,1.24735E-4
3521,8.9562E-5
3522,1.19412E-4
3523,1.25794E-4
3524,1.30371E-4
3525,1.20463E-4
3526,1.19183E-4
3527,1.24965E-4
3528,1.82014E-4
3529,1.20624E-4
3530,9.9703E-5
3531,1.46316E-4
3532,1.4557E-4
3533,1.41704E-4
3534,9.8101E-5
3535,1.18478E-4
3536,2.18871E-4
3537,1.27984E-4
3538,1.6787E-4
3539,1.07604E-4
3540,1.31477E-4
3541,1.15941E-4
3542,1.35127E-4
3543,9.6513E-5
3544,1.17746E-4
3545,9.9329E-5
3546,1.24551E-4
3547,1.37098E-4
3548,1.03199E-4
3549,1.17582E-4
3550,1.21812E-4
3551,1.3182E-4
3552,1.24479E-4
3553,1.30897E-4
3554,1.52086E-4
3555,1.08394E-4
3556,1.58512E-4
3557,1.10456E-4
3558,1.32676E-4
3559,1.45242E-4
3560,1.40094E-4
3561,1.15776E-4
3562,9.3442E-5
3563,1.40812E-4
3564,1.58331E-4
3565,1.32753E-4
3566,1.47226E-4
3567,1.37018E-4
3568,1.05598E-4
3569,1.41462E-4
3570,1.04791E-4
3571,9.9237E-5
3572,1.38483E-4
3573,1.25012E-4
3574,1.76609E-4
3575,1.15749E-4
3576,1.32378E-4
3577,1.55567E-4
3578,1.25363E-4
3579,1.6137E-4
3580,1.26572E-4
3581,1.4935E-4
3582,1.0549E-4
3583,1.1868E-4
3584,1.46994E-4
3585,9.7168E-5
3586,3.29479E-4
3587,1.23123E-4
3588,1.48837E-4
3589,9.6161E-5
3590,1.11999E-4
3591,1.3332E-4
3592,1.34047E-4
3593,1.93161E-4
3594,1.48204E-4
3595,1.14247E-4
3596,1.16642E-4
3597,1.60964E-4
3598,1.03657E-4
3599,1.27823E-4
3600,1.24382E-4
3601,1.16556E-4
3602,1.21347E-4
3603,1.48123E-4
3604,2.16259E-4
3605,1.32005E-4
3606,1.11024E-4
3607,1.89206E-4
3608,1.98944E-4
3609,1.11519E-4
3610,3.96424E-4
3611,1.22143E-4
3612,1.19703E-4
3613,1.0574E-4
3614,1.15442E-4
3615,1.45258E-4
3616,1.33484E-4
3617,1.17201E-4
3618,1.14964E-4
3619,1.37459E-4
3620,1.52408E-4
3621,1.46352E-4
3622,1.45021E-4
3623,1.18388E-4
3624,1.597E-4
3625,1.4328E-4
3626,1.54957E-4
3627,2.11488E-4
3628,1.65242E-4
3629,1.13135E-4
3630,1.66172E-4
3631,1.78626E-4
3632,1.43008E-4
3633,1.08513E-4
3634,3.02173E-4
3635,9.7085E-5
3636,1.39455E-4
3637,1.49188E-4
3638,1.13605E-4
3639,1.11114E-4
3640,1.36535E-4
3641,1.2889E-4
3642,1.20009E-4
3643,1.2821E-4
3644,1.78655E-4
3645,1.17546E-4
3646,1.40289E-4
3647,1.1422E-4
3648,1.44163E-4
3649,2.10473E-4
3650,2.13894E-4
3651,1.09796E-4
3652,1.35981E-4
3653,1.55893E-4
3654,1.59839E-4
3655,1.66006E-4
3656,1.0433E-4
3657,1.53528E-4
3658,1.65744E-4
3659,1.39611E-4
3660,1.3979E-4
3661,1.21569E-4
3662,9.8385E-5
3663,1.0722E-4
3664,1.19874E-4
3665,1.77572E-4
3666,1.08778E-4
3667,1.30677E-4
3668,1.44906E-4
3669,1.6589E-4
3670,2.12858E-4
3671,1.50795E-4
3672,1.19073E-4
3673,1.2062E-4
3674,1.08916E-4
3675,1.27446E-4
3676,2.14982E-4
3677,1.19193E-4
3678,1.37848E-4
3679,1.231E-4
3680,1.37906E-4
3681,1.13434E-4
3682,1.32109E-4
3683,1.27257E-4
3684,1.34521E-4
3685,1.33003E-4
3686,1.46204E-4
3687,2.08946E-4
3688,1.50909E-4
3689,1.2407E-4
3690,1.38406E-4
3691,1.2511E-4
3692,1.15946E-4
3693,1.21036E-4
3694,1.17715E-4
3695,1.54989E-4
3696,1.22602E-4
3697,1.77365E-4
3698,1.65087E-4
3699,1.50424E-4
3700,1.25593E-4
3701,1.15838E-4
3702,1.4612E-4
3703,1.12298E-4
3704,2.07289E-4
3705,1.48355E-4
3706,1.5725E-4
3707,2.33998E-4
3708,1.76989E-4
3709,1.4112E-4
3710,1.73051E-4
3711,1.60286E-4
3712,1.42992E-4
3713,1.23022E-4
3714,1.35245E-4
3715,1.07249E-4
3716,1.32509E-4
3717,1.39671E-4
3718,1.41231E-4
3719,1.62413E-4
3720,9.2079E-5
3721,1.78236E-4
3722,1.51835E-4
3723,1.2737E-4
3724,1.39889E-4
3725,1.8221E-4
3726,1.44434E-4
3727,1.86553E-4
3728,1.33704E-4
3729,1.27595E-4
3730,1.29528E-4
3731,1.06231E-4
3732,1.11726E-4
3733,1.93109E-4
3734,1.0984E-4
3735,9.0464E-5
3736,1.35186E-4
3737,1.45455E-4
3738,1.69904E-4
3739,1.47643E-4
3740,1.34414E-4
3741,1.83577E-4
3742,1.35065E-4
3743,1.0582E-4
3744,1.05918E-4
3745,1.34582E-4
3746,1.38576E-4
3747,1.62786E-4
3748,1.63662E-4
3749,1.29487E-4
3750,1.14209E-4
3751,1.32765E-4
3752,1.22058E-4
3753,1.50046E-4
3754,1.39097E-4
3755,1.55537E-4
3756,1.67996E-4
3757,1.56495E-4
3758,1.76938E-4
3759,1.38534E-4
3760,1.53075E-4
3761,1.65054E-4
3762,1.08953E-4
3763,1.25441E-4
3764,1.47875E-4
3765,1.60512E-4
3766,1.32166E-4
3767,1.23885E-4
3768,1.21799E-4
3769,1.21252E-4
3770,1.34785E-4
3771,1.36403E-4
3772,1.70458E-4
3773,1.23373E-4
3774,1.6032E-4
3775,1.35217E-4
3776,1.15551E-4
3777,1.31524E-4
3778,1.74413E-4
3779,1.84255E-4
3780,1.71655E-4
3781,1.5006E-4
3782,1.81444E-4
3783,1.44792E-4
3784,1.46387E-4
3785,1.23482E-4
3786,1.23258E-4
3787,1.27714E-4
3788,1.4691E-4
3789,1.2686E-4
3790,1.8953E-4
3791,1.56586E-4
3792,1.37E-4
3793,1.4091E-4
3794,1.05468E-4
3795,1.39601E-4
3796,1.61959E-4
3797,1.33625E-4
3798,1.54931E-4
3799,1.47483E-4
3800,1.2123E-4
3801,1.17256E-4
3802,1.25222E-4
3803,1.54109E-4
3804,1.49522E-4
3805,1.93937E-4
3806,1.46507E-4
3807,1.69476E-4
3808,1.46492E-4
3809,1.60353E-4
3810,1.22422E-4
3811,1.96958E-4
3812,1.32412E-4
3813,1.30983E-4
3814,1.76388E-4
3815,1.54963E-4
3816,1.94516E-4
3817,1.39363E-4
3818,1.30638E-4
3819,1.33858E-4
3820,1.41716E-4
3821,1.75371E-4
3822,1.08878E-4
3823,1.6227E-4
3824,1.31027E-4
3825,1.25359E-4
3826,1.4027E-4
3827,1.31233E-4
3828,2.27918E-4
3829,1.37138E-4
3830,2.17072E-4
3831,1.61216E-4
3832,1.60237E-4
3833,3.87882E-4
3834,1.16808E-4
3835,1.85171E-4
3836,1.32356E-4
3837,1.194E-4
3838,1.1891E-4
3839,1.13087E-4
3840,1.24056E-4
3841,1.2971E-4
3842,1.31631E-4
3843,1.60142E-4
3844,1.77956E-4
3845,1.41706E-4
3846,1.40727E-4
3847,1.57899E-4
3848,2.17614E-4
3849,1.67438E-4
3850,2.36983E-4
3851,1.728E-4
3852,1.63354E-4
3853,1.1907E-4
3854,1.36431E-4
3855,9.5661E-5
3856,1.36308E-4
3857,1.71508E-4
3858,1.40327E-4
3859,1.22631E-4
3860,1.4669E-4
3861,1.8517E-4
3862,1.29778E-4
3863,1.84032E-4
3864,1.47107E-4
3865,1.3819E-4
3866,1.64274E-4
3867,2.87105E-4
3868,1.66146E-4
3869,2.06277E-4
3870,1.32436E-4
3871,1.82398E-4
3872,1.32843E-4
3873,1.77794E-4
3874,1.31652E-4
3875,1.41574E-4
3876,1.37748E-4
3877,1.61648E-4
3878,4.7049E-4
3879,2.14828E-4
3880,1.70991E-4
3881,1.30266E-4
3882,1.5391E-4
3883,1.81459E-4
3884,1.42409E-4
3885,1.55784E-4
3886,1.73901E-4
3887,1.56062E-4
3888,1.31645E-4
3889,1.80638E-4
3890,2.16392E-4
3891,1.07111E-4
3892,1.44571E-4
3893,1.23255E-4
3894,1.56426E-4
3895,1.49355E-4
3896,1.50473E-4
3897,1.78618E-4
3898,1.5221E-4
3899,2.2881E-4
3900,1.36233E-4
3901,1.44281E-4
3902,1.47579E-4
3903,1.87944E-4
3904,1.52593E-4
3905,1.15896E-4
3906,1.27022E-4
3907,1.22357E-4
3908,1.431E-4
3909,1.22973E-4
3910,1.23251E-4
3911,1.87991E-4
3912,1.83232E-4
3913,2.2798E-4
3914,3.33617E-4
3915,1.82931E-4
3916,1.6941E-4
3917,1.67264E-4
3918,1.19674E-4
3919,1.45679E-4
3920,1.75177E-4
3921,1.59079E-4
3922,2.32651E-4
3923,1.49974E-4
3924,1.35846E-4
3925,1.28337E-4
3926,1.37745E-4
3927,1.52071E-4
3928,1.61519E-4
3929,1.13663E-4
3930,1.31744E-4
3931,1.3284E-4
3932,1.75999E-4
3933,1.6478E-4
3934,1.16745E-4
3935,1.41834E-4
3936,1.84797E-4
3937,1.42114E-4
3938,1.88961E-4
3939,1.79315E-4
3940,1.21713E-4
3941,1.65175E-4
3942,1.10252E-4
3943,1.65383E-4
3944,1.47016E-4
3945,1.7296E-4
3946,1.44669E-4
3947,1.09817E-4
3948,1.48329E-4
3949,1.32518E-4
3950,1.81009E-4
3951,2.15674E-4
3952,1.73714E-4
3953,1.42936E-4
3954,2.2909E-4
3955,1.20016E-4
3956,2.09656E-4
3957,1.44226E-4
3958,1.64875E-4
3959,1.23663E-4
3960,1.58071E-4
3961,1.39593E-4
3962,1.06918E-4
3963,1.88233E-4
3964,1.63297E-4
3965,1.69865E-4
3966,1.66022E-4
3967,1.41163E-4
3968,1.72117E-4
3969,1.13539E-4
3970,1.27702E-4
3971,1.81526E-4
3972,1.83459E-4
3973,1.92883E-4
3974,1.14306E-4
3975,1.46574E-4
3976,1.62876E-4
3977,1.60757E-4
3978,1.65223E-4
3979,2.18019E-4
3980,1.49071E-4
3981,1.22973E-4
3982,1.27114E-4
3983,1.91401E-4
3984,1.0881E-4
3985,1.59396E-4
3986,1.78088E-4
3987,1.93956E-4
3988,1.75606E-4
3989,2.01755E-4
3990,1.7574E-4
3991,1.8448E-4
3992,2.45497E-4
3993,2.00192E-4
3994,2.05079E-4
3995,2.17358E-4
3996,2.10971E-4
3997,1.86816E-4
3998,1.68441E-4
3999,1.68394E-4
4000,2.0021E-4
4001,2.02322E-4
4002,3.78276E-4
4003,1.84051E-4
4004,1.30778E-4
4005,1.70532E-4
4006,1.45106E-4
4007,1.53384E-4
4008,1.84865E-4
4009,1.84322E-4
4010,1.63861E-4
4011,1.55031E-4
4012,2.12492E-4
4013,1.48164E-4
4014,2.10264E-4
4015,1.52912E-4
4016,1.39055E-4
4017,1.23702E-4
4018,2.56302E-4
4019,1.84019E-4
4020,1.58186E-4
4021,1.60207E-4
4022,1.30296E-4
4023,1.63131E-4
4024,1.7475E-4
4025,1.52033E-4
4026,1.39513E-4
4027,3.28774E-4
4028,1.89561E-4
4029,1.32313E-4
4030,1.34186E-4
4031,1.57095E-4
4032,2.02784E-4
4033,1.45038E-4
4034,2.02235E-4
4035,1.28607E-4
4036,1.90003E-4
4037,1.77277E-4
4038,1.33299E-4
4039,2.48522E-4
4040,1.21036E-4
4041,1.37639E-4
4042,1.34146E-4
4043,1.87345E-4
4044,1.75649E-4
4045,1.33518E-4
4046,1.51116E-4
4047,1.46247E-4
4048,1.27773E-4
4049,1.34793E-4
4050,1.12178E-4
4051,1.68296E-4
4052,1.79676E-4
4053,2.00772E-4
4054,1.68108E-4
4055,1.76902E-4
4056,1.7492E-4
4057,1.53998E-4
4058,1.92079E-4
4059,1.59297E-4
4060,1.19905E-4
4061,1.80266E-4
4062,1.49243E-4
4063,1.86894E-4
4064,1.70175E-4
4065,1.82902E-4
4066,2.04063E-4
4067,1.80123E-4
4068,1.65557E-4
4069,1.76055E-4
4070,1.35323E-4
4071,1.1277E-4
4072,1.59996E-4
4073,2.13473E-4
4074,1.40345E-4
4075,1.6227E-4
4076,1.30919E-4
4077,1.48907E-4
4078,1.48247E-4
4079,3.01577E-4
4080,1.58547E-4
4081,1.91555E-4
4082,1.57172E-4
4083,1.88756E-4
4084,1.54056E-4
4085,1.14723E-4
4086,1.15932E-4
4087,1.56612E-4
4088,1.08885E-4
4089,1.3582E-4
4090,1.25835E-4
4091,1.73667E-4
4092,1.29889E-4
4093,1.99613E-4
4094,2.93174E-4
4095,1.96247E-4
4096,1.63855E-4
4097,1.79665E-4
4098,1.68379E-4
4099,1.75012E-4
4100,1.93261E-4
4101,2.23767E-4
4102,1.61237E-4
4103,2.19242E-4
4104,2.54712E-4
4105,1.31567E-4
4106,1.46031E-4
4107,1.15887E-4
4108,2.18648E-4
4109,1.70597E-4
4110,1.621E-4
4111,2.29201E-4
4112,2.23609E-4
4113,1.65919E-4
4114,1.82493E-4
4115,2.33524E-4
4116,1.70739E-4
4117,1.88984E-4
4118,1.65808E-4
4119,4.38046E-4
4120,2.66845E-4
4121,1.89246E-4
4122,1.9339E-4
4123,1.31556E-4
4124,2.57088E-4
4125,1.23513E-4
4126,1.69461E-4
4127,1.87874E-4
4128,1.44548E-4
4129,1.45083E-4
4130,1.6278E-4
4131,1.71277E-4
4132,2.07369E-4
4133,1.60923E-4
4134,1.53792E-4
4135,1.62939E-4
4136,4.62264E-4
4137,2.09864E-4
4138,2.00429E-4
4139,1.70622E-4
4140,1.88684E-4
4141,1.35758E-4
4142,2.08071E-4
4143,1.46314E-4
4144,1.58627E-4
4145,1.83736E-4
4146,2.04683E-4
4147,2.76342E-4
4148,1.92193E-4
4149,1.73784E-4
4150,1.9461E-4
4151,2.46868E-4
4152,1.41212E-4
4153,1.17592E-4
4154,1.91286E-4
4155,1.60472E-4
4156,2.0255E-4
4157,1.78677E-4
4158,1.47828E-4
4159,2.16131E-4
4160,2.5329E-4
4161,2.18266E-4
4162,1.43516E-4
4163,2.33695E-4
4164,1.41677E-4
4165,1.88919E-4
4166,1.45002E-4
4167,1.79718E-4
4168,1.83732E-4
4169,1.4092E-4
4170,1.49115E-4
4171,1.38605E-4
4172,2.70712E-4
4173,3.08505E-4
4174,1.11619E-4
4175,1.15175E-4
4176,1.74043E-4
4177,1.87215E-4
4178,1.95252E-4
4179,1.52903E-4
4180,2.0635E-4
4181,2.47298E-4
4182,1.72253E-4
4183,2.40377E-4
4184,1.66181E-4
4185,1.74296E-4
4186,1.69579E-4
4187,1.75941E-4
4188,1.24427E-4
4189,1.57436E-4
4190,1.74829E-4
4191,2.11531E-4
4192,2.271E-4
4193,2.05753E-4
4194,2.42978E-4
4195,1.55873E-4
4196,1.56387E-4
4197,1.31045E-4
4198,2.23792E-4
4199,1.93898E-4
4200,1.23504E-4
4201,2.09587E-4
4202,1.8015E-4
4203,2.02883E-4
4204,2.4356E-4
4205,1.57402E-4
4206,1.75101E-4
4207,2.0658E-4
4208,2.24828E-4
4209,2.0446E-4
4210,1.3361E-4
4211,1.86979E-4
4212,1.41712E-4
4213,1.3042E-4
4214,2.51592E-4
4215,1.59674E-4
4216,1.92326E-4
4217,1.59736E-4
4218,2.25787E-4
4219,1.52441E-4
4220,1.76429E-4
4221,1.86389E-4
4222,1.56226E-4
4223,2.0913E-4
4224,2.35901E-4
4225,5.68841E-4
4226,2.03431E-4
4227,2.36797E-4
4228,1.68591E-4
4229,2.09199E-4
4230,1.23509E-4
4231,1.61389E-4
4232,1.95797E-4
4233,2.11031E-4
4234,1.38561E-4
4235,2.39405E-4
4236,1.72223E-4
4237,1.93335E-4
4238,1.38717E-4
4239,1.33562E-4
4240,1.45944E-4
4241,2.08177E-4
4242,2.08593E-4
4243,1.17048E-4
4244,7.53498E-4
4245,2.00345E-4
4246,1.63084E-4
4247,1.80433E-4
4248,1.98801E-4
4249,2.39768E-4
4250,2.02241E-4
4251,2.28797E-4
4252,2.22624E-4
4253,2.04666E-4
4254,2.6156E-4
4255,1.61598E-4
4256,2.62717E-4
4257,2.2291E-4
4258,1.64127E-4
4259,1.7658E-4
4260,2.40953E-4
4261,1.95719E-4
4262,2.24994E-4
4263,1.73481E-4
4264,2.05386E-4
4265,1.8488E-4
4266,1.37566E-4
4267,1.38852E-4
4268,1.75001E-4
4269,1.70147E-4
4270,2.05977E-4
4271,1.70039E-4
4272,1.69357E-4
4273,1.34706E-4
4274,2.20241E-4
4275,1.79338E-4
4276,1.52192E-4
4277,1.61671E-4
4278,1.97793E-4
4279,1.453E-4
4280,2.48685E-4
4281,1.58296E-4
4282,1.21904E-4
4283,1.5972E-4
4284,2.0669E-4
4285,1.81617E-4
4286,3.14933E-4
4287,2.53893E-4
4288,2.10978E-4
4289,1.95584E-4
4290,1.79013E-4
4291,2.08404E-4
4292,1.84369E-4
4293,1.71089E-4
4294,2.23329E-4
4295,1.27959E-4
4296,2.31272E-4
4297,1.79456E-4
4298,2.28129E-4
4299,2.59302E-4
4300,2.09344E-4
4301,2.47475E-4
4302,2.15194E-4
4303,1.8202E-4
4304,1.69235E-4
4305,2.10955E-4
4306,1.82739E-4
4307,1.52029E-4
4308,1.8267E-4
4309,2.16236E-4
4310,1.47512E-4
4311,2.05947E-4
4312,1.49389E-4
4313,2.01229E-4
4314,1.49344E-4
4315,1.99529E-4
4316,1.74761E-4
4317,1.40309E-4
4318,1.94714E-4
4319,1.75023E-4
4320,2.29351E-4
4321,2.68711E-4
4322,1.79863E-4
4323,1.28874E-4
4324,1.50647E-4
4325,1.45497E-4
4326,1.9801E-4
4327,4.73216E-4
4328,2.80811E-4
4329,1.79206E-4
4330,1.37071E-4
4331,1.63451E-4
4332,2.09881E-4
4333,1.5575E-4
4334,1.74212E-4
4335,2.50539E-4
4336,1.82873E-4
4337,1.64891E-4
4338,1.5452E-4
4339,1.30714E-4
4340,2.04326E-4
4341,2.37338E-4
4342,2.57479E-4
4343,4.12138E-4
4344,1.60356E-4
4345,2.29168E-4
4346,2.54222E-4
4347,2.61414E-4
4348,1.74691E-4
4349,2.10287E-4
4350,1.70544E-4
4351,2.5513E-4
4352,2.08703E-4
4353,1.25108E-4
4354,1.55319E-4
4355,1.55296E-4
4356,2.22241E-4
4357,1.46794E-4
4358,2.13655E-4
4359,2.47499E-4
4360,1.71249E-4
4361,2.35428E-4
4362,2.09793E-4
4363,1.87109E-4
4364,2.21815E-4
4365,2.50647E-4
4366,1.91625E-4
4367,1.53872E-4
4368,1.42596E-4
4369,1.90738E-4
4370,1.59877E-4
4371,1.9384E-4
4372,2.02006E-4
4373,1.64262E-4
4374,1.84721E-4
4375,1.66645E-4
4376,1.51428E-4
4377,2.27811E-4
4378,2.17664E-4
4379,1.3928E-4
4380,1.84757E-4
4381,1.78241E-4
4382,2.03227E-4
4383,1.64937E-4
4384,2.01277E-4
4385,1.53125E-4
4386,1.77188E-4
4387,2.25406E-4
4388,1.39429E-4
4389,1.69145E-4
4390,2.11864E-4
4391,1.99428E-4
4392,7.49834E-4
4393,1.41004E-4
4394,2.0832E-4
4395,1.33142E-4
4396,2.02036E-4
4397,1.2217E-4
4398,7.15004E-4
4399,7.22299E-4
4400,2.60779E-4
4401,1.53687E-4
4402,2.63462E-4
4403,2.81911E-4
4404,2.59093E-4
4405,1.45147E-4
4406,1.76951E-4
4407,1.99809E-4
4408,1.3774E-4
4409,2.09652E-4
4410,1.38295E-4
4411,1.97806E-4
4412,2.28535E-4
4413,2.70462E-4
4414,1.52592E-4
4415,2.30204E-4
4416,1.75066E-4
4417,2.0535E-4
4418,2.1375E-4
4419,2.50598E-4
4420,2.20272E-4
4421,2.01051E-4
4422,1.60171E-4
4423,2.19036E-4
4424,2.3921E-4
4425,1.44811E-4
4426,1.62972E-4
4427,1.8488E-4
4428,2.23505E-4
4429,2.46915E-4
4430,1.87285E-4
4431,1.95347E-4
4432,2.17689E-4
4433,1.40396E-4
4434,3.26985E-4
4435,2.3655E-4
4436,1.54883E-4
4437,1.63362E-4
4438,4.90955E-4
4439,2.14915E-4
4440,2.02851E-4
4441,2.91604E-4
4442,3.09653E-4
4443,2.0559E-4
4444,1.96244E-4
4445,2.08248E-4
4446,2.01655E-4
4447,1.57261E-4
4448,2.3764E-4
4449,1.85485E-4
4450,2.35594E-4
4451,3.27093E-4
4452,2.167E-4
4453,1.93857E-4
4454,2.14347E-4
4455,2.40974E-4
4456,1.83523E-4
4457,2.17789E-4
4458,1.59388E-4
4459,2.77493E-4
4460,2.54325E-4
4461,2.86659E-4
4462,1.6219E-4
4463,1.78605E-4
4464,2.80029E-4
4465,2.81349E-4
4466,3.27093E-4
4467,1.72604E-4
4468,2.3121E-4
4469,1.61189E-4
4470,1.80508E-4
4471,2.10506E-4
4472,1.86739E-4
4473,1.51045E-4
4474,2.28075E-4
4475,2.18931E-4
4476,1.58117E-4
4477,3.16966E-4
4478,2.75715E-4
4479,1.38435E-4
4480,1.88791E-4
4481,1.7671E-4
4482,2.33417E-4
4483,1.79248E-4
4484,3.0333E-4
4485,1.58955E-4
4486,1.60833E-4
4487,1.90261E-4
4488,2.09812E-4
4489,4.76472E-4
4490,2.01737E-4
4491,2.07938E-4
4492,5.37674E-4
4493,1.56391E-4
4494,1.83782E-4
4495,1.95931E-4
4496,1.52419E-4
4497,1.41605E-4
4498,1.75757E-4
4499,2.42511E-4
4500,1.46674E-4
4501,1.40768E-4
4502,2.18147E-4
4503,3.79309E-4
4504,1.71658E-4
4505,1.72256E-4
4506,1.42341E-4
4507,2.03337E-4
4508,2.22381E-4
4509,2.88805E-4
4510,2.03181E-4
4511,2.05766E-4
4512,3.47303E-4
4513,2.09525E-4
4514,2.03129E-4
4515,2.36169E-4
4516,2.29813E-4
4517,1.60136E-4
4518,2.10865E-4
4519,2.70671E-4
4520,1.83623E-4
4521,2.37835E-4
4522,2.20719E-4
4523,1.84609E-4
4524,1.67084E-4
4525,2.102E-4
4526,2.34833E-4
4527,1.96767E-4
4528,1.81731E-4
4529,1.49592E-4
4530,3.69179E-4
4531,2.56222E-4
4532,1.36777E-4
4533,2.45698E-4
4534,2.8826E-4
4535,1.41465E-4
4536,1.97641E-4
4537,1.59899E-4
4538,2.05249E-4
4539,2.4335E-4
4540,2.33162E-4
4541,4.34127E-4
4542,2.21787E-4
4543,2.64274E-4
4544,4.60757E-4
4545,2.12127E-4
4546,2.49726E-4
4547,1.56867E-4
4548,2.04972E-4
4549,2.20963E-4
4550,2.21706E-4
4551,2.95821E-4
4552,1.66337E-4
4553,2.62646E-4
4554,2.65433E-4
4555,3.39981E-4
4556,2.33803E-4
4557,2.73702E-4
4558,2.43645E-4
4559,2.93081E-4
4560,2.55556E-4
4561,1.67553E-4
4562,2.17543E-4
4563,2.6748E-4
4564,1.63607E-4
4565,2.10409E-4
4566,3.0013E-4
4567,1.79003E-4
4568,3.22156E-4
4569,1.97707E-4
4570,1.52001E-4
4571,1.91943E-4
4572,2.8598E-4
4573,2.06476E-4
4574,3.55384E-4
4575,2.14722E-4
4576,2.14347E-4
4577,2.46183E-4
4578,4.03255E-4
4579,2.55523E-4
4580,1.73597E-4
4581,2.06375E-4
4582,2.81031E-4
4583,3.19873E-4
4584,2.60035E-4
4585,2.44842E-4
4586,3.04375E-4
4587,2.32412E-4
4588,2.71876E-4
4589,3.55675E-4
4590,2.45587E-4
4591,1.8502E-4
4592,2.95758E-4
4593,1.93243E-4
4594,2.0482E-4
4595,1.775E-4
4596,1.62341E-4
4597,1.53564E-4
4598,3.22677E-4
4599,1.49512E-4
4600,2.81701E-4
4601,2.56735E-4
4602,2.569E-4
4603,2.49315E-4
4604,2.51547E-4
4605,2.39933E-4
4606,2.48539E-4
4607,5.90861E-4
4608,2.17997E-4
4609,3.02954E-4
4610,2.02298E-4
4611,4.43199E-4
4612,1.61876E-4
4613,1.77289E-4
4614,2.89631E-4
4615,2.08711E-4
4616,2.27143E-4
4617,1.98689E-4
4618,1.70157E-4
4619,2.39288E-4
4620,2.31867E-4
4621,3.55552E-4
4622,2.92494E-4
4623,2.34993E-4
4624,5.86259E-4
4625,2.41927E-4
4626,3.46736E-4
4627,2.00331E-4
4628,4.57705E-4
4629,2.12939E-4
4630,2.60918E-4
4631,2.07846E-4
4632,1.58576E-4
4633,1.5411E-4
4634,5.44377E-4
4635,2.40298E-4
4636,1.32645E-4
4637,1.52342E-4
4638,6.14866E-4
4639,1.38497E-4
4640,2.97276E-4
4641,3.20997E-4
4642,3.88512E-4
4643,1.85327E-4
4644,2.79734E-4
4645,2.51467E-4
4646,4.62436E-4
4647,3.2845E-4
4648,2.83898E-4
4649,1.29282E-4
4650,2.63971E-4
4651,3.33673E-4
4652,2.97217E-4
4653,2.43269E-4
4654,4.82403E-4
4655,2.19621E-4
4656,2.00262E-4
4657,1.47189E-4
4658,4.29304E-4
4659,2.1496E-4
4660,2.1814E-4
4661,1.44473E-4
4662,1.81103E-4
4663,2.53901E-4
4664,2.21842E-4
4665,1.81154E-4
4666,2.24175E-4
4667,1.95584E-4
4668,2.38258E-4
4669,3.31357E-4
4670,3.42824E-4
4671,2.42779E-4
4672,1.7089E-4
4673,1.59066E-4
4674,1.6824E-4
4675,2.17448E-4
4676,2.50652E-4
4677,2.10334E-4
4678,1.88282E-4
4679,2.31282E-4
4680,3.13667E-4
4681,1.97223E-4
4682,2.1674E-4
4683,3.84421E-4
4684,2.27544E-4
4685,3.93306E-4
4686,2.21789E-4
4687,1.73071E-4
4688,3.2412E-4
4689,3.80903E-4
4690,1.97456E-4
4691,2.50974E-4
4692,2.10106E-4
4693,2.23683E-4
4694,1.82417E-4
4695,2.20859E-4
4696,3.36732E-4
4697,1.82755E-4
4698,2.32696E-4
4699,2.06951E-4
4700,2.71076E-4
4701,1.7584E-4
4702,3.14943E-4
4703,1.9977E-4
4704,2.2179E-4
4705,1.82275E-4
4706,3.94044E-4
4707,3.04344E-4
4708,6.79271E-4
4709,3.47682E-4
4710,2.08133E-4
4711,3.01913E-4
4712,3.01242E-4
4713,1.91212E-4
4714,1.97698E-4
4715,2.41983E-4
4716,1.96941E-4
4717,1.47298E-4
4718,1.60911E-4
4719,2.5361E-4
4720,3.2443E-4
4721,3.55697E-4
4722,5.08661E-4
4723,1.61496E-4
4724,1.75587E-4
4725,2.61751E-4
4726,3.82403E-4
4727,3.21693E-4
4728,1.71403E-4
4729,3.30089E-4
4730,3.95388E-4
4731,1.48991E-4
4732,1.83811E-4
4733,2.13603E-4
4734,3.88218E-4
4735,2.69424E-4
4736,1.93032E-4
4737,2.26383E-4
4738,2.67945E-4
4739,4.32863E-4
4740,1.60007E-4
4741,1.74396E-4
4742,2.14585E-4
4743,5.75614E-4
4744,2.82955E-4
4745,2.37652E-4
4746,1.82331E-4
4747,5.85273E-4
4748,7.00507E-4
4749,4.82448E-4
4750,2.84704E-4
4751,2.67824E-4
4752,2.83979E-4
4753,4.21336E-4
4754,2.19831E-4
4755,5.21068E-4
4756,7.50143E-4
4757,2.06847E-4
4758,1.87592E-4
4759,5.52274E-4
4760,1.82102E-4
4761,1.94575E-4
4762,3.37926E-4
4763,4.38073E-4
4764,1.23217E-4
4765,5.58835E-4
4766,3.21242E-4
4767,2.80781E-4
4768,2.72396E-4
4769,3.38811E-4
4770,2.48737E-4
4771,2.56434E-4
4772,2.29296E-4
4773,4.08855E-4
4774,3.80394E-4
4775,2.7008E-4
4776,6.17227E-4
4777,2.96643E-4
4778,2.57353E-4
4779,2.48508E-4
4780,3.32364E-4
4781,2.53706E-4
4782,2.42937E-4
4783,4.76801E-4
4784,3.07485E-4
4785,2.46356E-4
4786,2.37059E-4
4787,2.34447E-4
4788,1.76232E-4
4789,2.86628E-4
4790,3.18308E-4
4791,2.2751E-4
4792,2.73586E-4
4793,3.40211E-4
4794,2.17644E-4
4795,3.20505E-4
4796,2.19491E-4
4797,7.12658E-4
4798,5.39501E-4
4799,1.92348E-4
4800,2.52695E-4
4801,6.28352E-4
4802,6.41288E-4
4803,0.001357145
4804,6.29557E-4
4805,6.48584E-4
4806,4.13147E-4
4807,3.01512E-4
4808,5.29536E-4
4809,1.6117E-4
4810,6.11654E-4
4811,9.66046E-4
4812,3.40205E-4
4813,2.10596E-4
4814,1.74176E-4
4815,0.001400549
4816,1.89597E-4
4817,6.82087E-4
4818,2.73583E-4
4819,6.96026E-4
4820,2.55563E-4
4821,2.85959E-4
4822,6.7559E-4
4823,0.00108534
4824,6.65247E-4
4825,2.729E-4
4826,1.96322E-4
4827,3.4427E-4
4828,2.88783E-4
4829,3.54562E-4
4830,3.06044E-4
4831,0.001034074
4832,2.65003E-4
4833,2.86599E-4
4834,2.80326E-4
4835,1.433E-4
4836,5.98658E-4
4837,3.83733E-4
4838,7.52141E-4
4839,3.43539E-4
4840,3.5826E-4
4841,4.89669E-4
4842,2.96687E-4
4843,4.21947E-4
4844,1.98276E-4
4845,7.89586E-4
4846,2.07242E-4
4847,2.16038E-4
4848,3.07684E-4
4849,1.67713E-4
4850,2.90268E-4
4851,4.37038E-4
4852,2.40971E-4
4853,3.39921E-4
4854,0.001124741
4855,6.38539E-4
4856,3.02913E-4
4857,5.19964E-4
4858,5.56067E-4
4859,2.99901E-4
4860,3.78369E-4
4861,4.03521E-4
4862,2.49872E-4
4863,1.41423E-4
4864,6.57237E-4
4865,2.95677E-4
4866,3.16288E-4
4867,0.001300225
4868,1.88502E-4
4869,2.41124E-4
4870,2.50985E-4
4871,3.84852E-4
4872,2.28671E-4
4873,1.98416E-4
4874,6.84059E-4
4875,4.176E-4
4876,1.94179E-4
4877,1.96217E-4
4878,3.40261E-4
4879,1.39176E-4
4880,5.73153E-4
4881,4.02733E-4
4882,2.99582E-4
4883,4.26051E-4
4884,3.14127E-4
4885,3.19636E-4
4886,7.70658E-4
4887,4.81714E-4
4888,2.56355E-4
4889,3.12107E-4
4890,2.14749E-4
4891,9.66056E-4
4892,3.2468E-4
4893,8.92336E-4
4894,1.85579E-4
4895,0.001129709
4896,3.40138E-4
4897,5.94222E-4
4898,3.41586E-4
4899,4.20196E-4
4900,1.16552E-4
4901,4.16287E-4
4902,3.74276E-4
4903,3.16792E-4
4904,4.89536E-4
4905,2.48428E-4
4906,0.001404069
4907,2.22554E-4
4908,3.6522E-4
4909,3.25111E-4
4910,6.71983E-4
4911,3.36497E-4
4912,2.88459E-4
4913,2.6188E-4
4914,2.68111E-4
4915,0.001556338
4916,4.14673E-4
4917,1.88269E-4
4918,3.67707E-4
4919,2.11099E-4
4920,6.35138E-4
4921,2.90136E-4
4922,1.58232E-4
4923,6.26445E-4
4924,2.70343E-4
4925,5.07045E-4
4926,5.93971E-4
4927,0.001288787
4928,3.4928E-4
4929,1.73235E-4
4930,4.76082E-4
4931,4.88119E-4
4932,1.70623E-4
4933,9.18272E-4
4934,4.87766E-4
4935,1.75862E-4
4936,2.46584E-4
4937,3.81626E-4
4938,5.9927E-4
4939,6.20151E-4
4940,2.27803E-4
4941,0.00162286
4942,6.84119E-4
4943,3.66372E-4
4944,2.46508E-4
4945,8.55277E-4
4946,2.47252E-4
4947,2.0115E-4
4948,4.16325E-4
4949,2.91525E-4
4950,2.94861E-4
4951,2.22647E-4
4952,5.90061E-4
4953,4.66809E-4
4954,1.29014E-4
4955,2.32204E-4
4956,3.22769E-4
4957,1.9725E-4
4958,1.66989E-4
4959,7.96785E-4
4960,8.59277E-4
4961,8.95698E-4
4962,3.28859E-4
4963,7.44471E-4
4964,1.45427E-4
4965,1.89495E-4
4966,1.53617E-4
4967,2.11114E-4
4968,0.001910311
4969,2.40462E-4
4970,2.93653E-4
4971,0.001472086
4972,2.24372E-4
4973,2.32074E-4
4974,7.6569E-4
4975,1.70065E-4
4976,6.0447E-4
4977,0.002926477
4978,2.16012E-4
4979,0.001212435
4980,0.001409827
4981,5.37592E-4
4982,6.66148E-4
4983,0.001438402
4984,5.42947E-4
4985,1.7592E-4
4986,3.78138E-4
4987,2.55057E-4
4988,3.46708E-4
4989,6.08913E-4
4990,3.0021E-4
4991,1.74053E-4
4992,2.4246E-4
4993,5.24084E-4
4994,9.44287E-4
4995,4.5881E-4
4996,1.91047E-4
4997,0.001135726
4998,2.22804E-4
4999,0.001079886
5000,1.55727E-4
